species,j,k,eta,sigma_mu
d,2.995326,1.262257,1.851175,0.004350
d,67.510735,0.653464,1.393337,0.005464
d,22.605949,0.512323,1.738603,0.001430
d,28.888033,0.325531,1.250744,0.005292
d,6.544995,1.477030,1.552671,0.002596
d,31.532211,0.509106,1.400054,0.006406
d,403.643127,0.054941,2.117209,0.003760
d,108.424942,0.690719,1.941556,0.003309
d,504.177368,0.249439,1.477397,0.002346
d,108.036758,0.450016,0.306731,0.003445
d,1.078377,0.917459,1.966687,0.002205
d,-1.291897,0.161511,1.598517,0.002714
d,734.162354,0.170159,1.956190,0.005675
d,671.014099,0.138537,0.958996,0.004123
d,7.657670,1.101715,1.259023,0.002606
d,21.128738,1.051499,1.547598,0.002836
d,364.098969,0.292698,0.833427,0.007167
d,11.920137,1.361385,1.459291,0.002989
d,-5.651210,0.462061,3.402544,0.005395
d,92.152359,0.306755,1.807631,0.002785
d,29.602201,0.537555,1.662926,0.006534
d,59.688454,0.080352,2.603517,0.000712
d,8.073965,0.488026,2.146364,0.002716
d,0.504976,0.458721,3.238298,0.012104
d,2.197582,1.142257,1.877924,0.004323
d,-4.207902,0.450019,2.207107,0.005416
d,17.605240,0.314310,1.848678,0.001423
d,-0.262727,0.809927,2.937052,0.006420
d,1547.017944,0.093416,1.742930,0.001467
d,26.820850,0.919548,1.404138,0.003017
d,3.404329,0.800485,1.440444,0.003860
d,-1.679540,1.477610,2.404474,0.001710
d,2.648487,0.857298,1.539172,0.002465
d,395.447174,0.149190,1.587576,0.001352
d,153.764969,0.438923,1.304512,0.006310
d,1.996578,1.423917,2.273154,0.003031
d,3.092896,0.660990,0.982213,0.009605
d,370.659698,0.092074,1.623196,0.005342
d,26.378166,0.298897,1.630677,0.005959
d,2.882752,0.996879,1.760386,0.000736
d,-1.895778,0.842987,2.001488,0.003006
d,67.274971,0.050017,1.412792,0.005171
d,0.213050,1.022146,2.351437,0.001608
d,13.317534,1.191240,1.767990,0.001728
d,32.997509,1.291610,1.379439,0.003590
d,16.428438,1.205050,1.548601,0.003591
d,3.626668,0.902322,2.180590,0.003174
d,-0.526388,0.451255,1.948759,0.004815
d,50.340237,0.539306,1.325075,0.002904
d,34.901474,0.202702,2.171443,0.006018
d,7.424590,0.518630,1.753876,0.008344
d,-3.688922,1.087658,2.229656,0.004659
d,-1.973339,1.060037,1.908426,0.005644
d,19.882931,0.184680,1.266706,0.003347
d,82.777161,0.228113,2.098855,0.001052
d,3.650521,0.235570,1.992639,0.001465
d,138.389099,0.642739,1.728968,0.001681
d,12.609197,0.596317,1.676803,0.004609
d,144.599319,0.525982,1.573597,0.003155
d,91.072746,0.656599,1.132634,0.001351
d,37.579567,0.794348,1.644359,0.004206
d,35.138908,0.576345,1.317186,0.003795
d,8.538503,0.463401,1.449760,0.005861
d,1.740859,0.549111,3.921935,0.003161
d,393.628601,0.224901,1.963658,0.000816
d,-0.147740,0.847559,3.949107,0.002659
d,6.948788,1.359275,1.685511,0.003240
d,5.886540,0.512039,1.526792,0.006113
d,1.216653,0.910225,1.681999,0.003819
d,3.447003,1.034709,1.564964,0.002927
d,0.505444,0.575682,3.031070,0.007008
d,-0.662528,0.604024,2.801103,0.002853
d,8.775846,0.713816,1.447365,0.004462
d,29.034573,0.457807,1.535614,0.001020
d,6.372578,0.957811,1.739926,0.004448
d,12.202565,0.523726,1.585115,0.002947
d,20.373753,0.712605,1.430849,0.006697
d,20.698990,0.652036,1.671870,0.004750
d,50.483765,0.765435,1.909073,0.001493
d,165.834656,0.138924,1.283064,0.007966
d,157.338730,0.392219,1.853492,0.001184
d,14.536282,1.909032,1.456922,0.001797
d,0.182826,0.413525,1.937397,0.004318
d,164.077438,0.505050,1.060355,0.002810
d,-2.717948,0.560205,1.374212,0.009340
d,204.018188,0.350441,0.818624,0.007607
d,-3.684736,0.676855,2.116805,0.005657
d,12.404346,1.152069,2.046135,0.003159
d,121.866508,0.570441,1.331371,0.003345
d,263.681213,0.181903,1.441279,0.003754
d,0.911432,0.736023,1.488342,0.005852
d,707.761475,0.212684,1.427162,0.003237
d,9630.481445,0.013632,2.148478,0.000361
d,1.581061,0.668347,2.762333,0.004044
d,636.090881,0.183699,2.005938,0.001945
d,9.855344,0.306385,1.310938,0.001216
d,49.077377,0.052921,1.065531,0.006237
d,-0.004224,0.908123,2.483757,0.003742
d,0.098295,1.121310,2.084643,0.002924
d,0.547277,0.455785,2.269002,0.006002
d,3.567013,0.271058,1.468143,0.011790
d,-0.278794,0.743639,1.795275,0.006530
d,9.974636,0.700379,1.620034,0.006565
d,56.813957,1.003326,2.009808,0.000604
d,1.411729,1.136442,2.000385,0.004329
d,-0.787532,0.489594,3.282203,0.002801
d,6.043961,0.901220,1.722208,0.004021
d,106.302101,0.604361,1.323605,0.002312
d,-0.906152,0.485775,1.851625,0.006114
d,381.292450,0.295296,1.086612,0.004019
d,2.225010,1.426235,2.389544,0.001700
d,6.222699,0.774848,2.358212,0.004508
d,86.482162,0.902250,1.576826,0.000661
d,-0.031331,2.064271,2.099379,0.002873
d,19.652584,0.577383,1.214256,0.009045
d,100.253105,0.581329,1.186528,0.005497
d,97.936188,0.569322,1.676929,0.003322
d,44.878258,0.557161,1.150127,0.004212
d,-0.564226,1.057461,2.514940,0.001234
d,19.021442,0.117614,2.028536,0.004451
d,464.382507,0.067064,0.975975,0.001669
d,2.395988,0.800851,1.952872,0.002912
d,36.244591,0.644899,1.797358,0.005191
d,147.325958,0.517390,1.188052,0.002900
d,9.797646,1.603651,2.158409,0.001699
d,26.401428,0.649643,1.260927,0.005971
d,-0.126387,2.242070,3.523448,0.002566
d,3.487869,0.811862,1.961977,0.002784
d,376.989471,0.261747,1.185559,0.003757
d,36.381992,0.529639,1.651898,0.007036
d,30.553226,0.568128,1.526215,0.007605
d,8.109356,1.005862,1.508785,0.003846
d,1.503928,0.907297,1.958860,0.002349
d,94.875130,0.498496,1.107126,0.006159
d,6.174914,0.177792,1.993682,0.017682
d,50.657917,0.643771,1.633681,0.005301
d,10.167637,0.752297,1.675830,0.003492
d,125.757973,0.590915,1.202957,0.001981
d,202.536377,0.534304,0.579619,0.002461
d,4.844864,1.352214,1.565324,0.003669
d,1802.576416,0.033004,2.028066,0.000479
d,1.311894,0.433004,2.405765,0.004803
d,457.019440,0.062932,1.937569,0.002351
d,-0.144372,3.216024,2.495195,0.000936
d,75.995155,0.829626,1.233075,0.002235
d,10.161045,1.263097,2.196815,0.001419
d,1.566312,1.220433,2.020858,0.003281
d,15.622910,0.960858,2.189199,0.000647
d,82.206573,0.583346,1.395253,0.002743
d,0.760222,1.436172,1.979349,0.001454
d,186.234253,0.417022,1.044015,0.007623
d,1.644297,0.767719,1.655012,0.002345
d,4.054668,0.752317,1.186246,0.002999
d,44.679890,0.907140,1.233932,0.004404
d,1.029408,1.092716,1.749101,0.004890
d,25.974709,0.488327,1.477631,0.006034
d,24.044456,0.680602,1.896467,0.004310
d,71.381653,0.762046,1.435982,0.002122
d,125.661674,0.126587,1.853993,0.008898
d,1.015714,0.981734,1.461280,0.004032
d,2.063839,0.617387,1.958473,0.004291
d,19.863012,0.948799,1.198668,0.002757
d,53.868469,0.657361,1.219965,0.003013
d,27.721487,0.572395,1.632378,0.003619
d,38.056549,0.985791,1.382229,0.003765
d,4.042059,0.576043,1.303297,0.002336
d,57.771320,0.678150,1.219713,0.004468
d,2.672513,0.473686,1.591329,0.003355
d,12.923247,1.590921,1.241621,0.002251
d,419.161377,0.186516,1.418037,0.001539
d,153.097855,0.350708,1.573618,0.005574
d,26.010145,1.644742,0.876264,0.001986
d,95.596550,0.391218,1.519507,0.001595
d,42.124969,0.548129,1.296574,0.003753
d,16.234051,0.334707,1.680710,0.005967
d,10.327210,0.809676,2.009789,0.003410
d,29.166208,0.596563,1.659822,0.004217
d,-1.924389,0.343752,3.563112,0.005663
d,-2.449041,0.812854,2.084383,0.005863
d,-1.447015,0.845050,2.334658,0.003788
d,85.451797,0.462896,1.188554,0.005386
d,43.405758,0.506381,1.644660,0.003279
d,2443.587158,0.053523,1.205598,0.000680
d,3.669525,0.665780,2.549877,0.004341
d,-5.012558,0.450753,1.875551,0.005335
d,-0.801184,1.368481,3.456566,0.000945
d,125.457031,0.562663,0.917896,0.003281
d,3.288865,0.403179,2.015931,0.007972
d,106.723434,0.513500,1.230778,0.006043
d,135.972244,0.591213,1.396474,0.002718
d,9.266040,0.655231,1.523528,0.007150
d,-8.684127,0.930981,2.478471,0.005153
d,4.807950,0.760420,0.834782,0.006933
d,3.417094,0.878137,2.077460,0.003295
d,4.289710,0.731724,1.546699,0.001703
d,-3.434263,0.481870,2.208452,0.004893
d,0.591842,1.531847,2.588440,0.002262
d,61.157974,0.865958,1.296934,0.003497
d,5.376633,1.228587,1.470750,0.002283
d,1.669024,0.972952,2.377527,0.002548
d,120.838249,0.502299,0.735687,0.003244
d,101.281441,0.688842,1.496773,0.002347
d,74.041443,0.413273,1.624405,0.007723
d,925.152832,0.151187,2.038373,0.000476
d,1644.710083,0.090652,1.681796,0.001223
d,156.702774,0.544728,1.075745,0.002427
d,109.920883,0.641461,1.353107,0.003265
d,12.157576,0.261836,1.426536,0.005994
d,1.558393,1.167432,2.455208,0.003723
d,31.247604,0.355404,1.707558,0.003791
d,85.678131,0.630113,1.333980,0.006051
d,-0.190178,0.959590,2.091861,0.002001
d,2.566982,0.690191,1.895006,0.001110
d,13.951765,0.671736,1.483677,0.006732
d,70.706665,0.654648,1.069342,0.004466
d,0.476798,1.920400,1.524398,0.003240
d,10.236468,0.128881,2.869862,0.002016
d,162.125259,0.330860,1.746755,0.002288
d,-0.226705,1.229660,2.558510,0.001022
d,2.528021,1.208743,1.715808,0.002237
d,-0.007844,3.416026,2.776475,0.001914
d,0.006798,1.082909,2.790820,0.001693
d,187.618271,0.334766,1.501976,0.003231
d,22.328594,1.451982,1.893981,0.002263
d,0.820732,1.329817,1.858044,0.002762
d,39.104443,1.222493,1.276104,0.002168
d,5.337343,1.004994,1.786662,0.003466
d,75.930046,0.326499,2.060613,0.000962
d,-0.404016,0.187462,3.463735,0.014589
d,32.845272,1.076990,1.465474,0.002497
d,62.411518,0.858154,1.586901,0.003410
d,213.079620,0.419770,1.314985,0.002578
d,24.004541,1.502930,1.342336,0.002687
d,10.628567,0.382329,1.660226,0.008777
d,15.058254,0.463604,1.662772,0.001546
d,-0.576247,0.614151,2.075228,0.006126
d,144.511780,0.460721,1.027615,0.003341
d,754.777588,0.181982,1.238509,0.001440
d,24.772532,0.876031,1.236983,0.002115
d,-19.920792,0.521771,2.672631,0.007910
d,-0.321648,0.469986,1.524854,0.012074
d,19.535248,0.102142,1.626758,0.005564
d,15.724018,0.658776,1.146437,0.004165
d,-0.677855,1.428499,2.999311,0.003542
d,29.553133,0.814014,1.497543,0.004184
d,99.399513,0.454937,1.189318,0.003166
d,114.127457,0.583734,1.361161,0.004055
d,40.475655,0.454278,1.634946,0.003420
d,8.899184,0.589835,1.779113,0.005032
d,614.874878,0.225879,1.452191,0.001698
d,13.279391,1.243839,2.110398,0.000512
d,29.773298,0.735523,1.552410,0.003646
d,57.031853,0.041413,1.596880,0.002696
d,10.027596,0.071465,2.524476,0.020859
d,5.190378,0.682447,1.832383,0.005949
d,453.934174,0.253526,1.403052,0.004629
d,-12.463765,0.626907,2.109437,0.005842
d,-1.440442,0.594614,3.746251,0.004068
d,2803.848145,0.040263,1.946797,0.001812
d,433.496460,0.240487,2.017949,0.000748
d,0.736582,1.031355,2.076037,0.002935
d,43.023663,0.391487,1.375742,0.006299
d,33.224094,0.938080,1.416918,0.002700
d,-2.677416,0.479959,1.864522,0.010173
d,1.573958,3.018472,1.223832,0.002654
d,4.214655,1.540626,1.728559,0.002897
d,2085.555664,0.073223,1.417042,0.001919
d,-0.911128,1.442943,2.250882,0.001247
d,66.351120,0.853640,1.710951,0.002579
d,1.545619,1.101350,1.852214,0.002708
d,60.714245,0.358413,0.737519,0.001991
d,48.581917,0.184037,1.557213,0.000925
d,69.310265,0.477950,1.754022,0.001216
d,133.152573,0.528381,1.528389,0.000734
d,112.641403,0.632697,1.463717,0.001349
d,-0.855185,0.941360,2.925435,0.004614
d,142.151093,0.860240,2.151938,0.000536
d,-1.528374,1.568888,1.952297,0.002776
d,115.892799,0.528909,1.375930,0.005432
d,238.945419,0.379917,0.841901,0.006650
d,-0.520507,1.935067,3.195263,0.001968
d,3.250693,0.310264,1.223259,0.000367
d,72.421074,0.525017,1.599863,0.004031
d,8.528199,0.728352,1.586637,0.003700
d,4.782338,0.425574,1.975727,0.005779
d,41.572426,0.631429,1.718277,0.005385
d,5.673719,1.847806,1.471185,0.001132
d,16.500229,1.431242,1.582965,0.001756
d,-0.363676,0.772527,2.336696,0.003375
d,26.327318,0.655470,1.572870,0.006504
d,0.650745,2.915325,2.587524,0.001246
d,4.888338,0.634587,1.954068,0.004635
d,-0.088217,2.605300,1.525516,0.001695
d,7.092446,0.501111,1.788712,0.003808
d,12.914392,0.427966,1.740455,0.006826
d,2.999012,0.794174,1.320647,0.002911
d,82.380211,0.646389,1.249945,0.003187
d,-4.193808,0.588978,2.210851,0.004387
d,39.679173,0.847457,1.476238,0.002381
d,-0.510444,1.630391,2.051878,0.000822
d,3.565079,0.322323,1.799001,0.012500
d,-2.021856,0.697003,1.760288,0.003983
d,76.728844,0.733417,1.839374,0.002004
d,144.682022,0.424902,1.215646,0.006304
d,1.433813,1.051031,1.974735,0.002997
d,3.962020,0.110142,1.583234,0.003820
d,27.452560,0.436022,1.779651,0.006799
d,0.517900,1.533103,1.466963,0.002862
d,69.728523,0.467095,1.455387,0.005125
d,-4.313174,0.443249,2.566828,0.008531
d,27.544344,0.842239,1.528751,0.002067
d,33.069321,0.841283,1.841693,0.001648
d,363.693268,0.172611,2.095660,0.001147
d,6.079151,0.085732,2.333360,0.005888
d,8.660294,0.669404,1.448123,0.003146
d,11.987130,0.081806,2.156629,0.004851
d,19.634401,0.922199,1.794531,0.003967
d,50.864311,0.593693,0.995731,0.004009
d,30.421753,1.294796,1.328410,0.003858
d,70.463966,0.551329,1.068995,0.002752
d,181.215424,0.415988,1.028881,0.004592
d,174.640366,0.445677,0.922262,0.004636
d,-1.067976,1.617037,4.191700,0.002937
d,9.738198,1.099717,1.651247,0.003902
d,93.861565,0.396966,2.087912,0.004648
d,787.480774,0.130683,2.118658,0.001480
d,318.557343,0.388044,1.696003,0.001046
d,31.486769,0.735804,1.542035,0.006119
d,31.993143,0.500466,1.633911,0.006616
d,99.283653,0.708742,1.850573,0.000853
d,2.014205,0.872491,1.434604,0.003942
d,8.590833,0.614662,1.973160,0.006377
d,6.964116,0.857766,2.111254,0.001349
d,38.629486,0.327843,1.900153,0.002965
d,-2.214587,0.552379,1.639348,0.005007
d,60.000210,0.966312,1.457400,0.002797
d,34.712078,0.460862,1.136208,0.006257
d,139.516876,0.353909,1.508035,0.001183
d,1.875518,1.417581,2.339468,0.001310
d,-3.996259,0.339707,2.542374,0.002980
d,1522.276001,0.101638,1.534017,0.002426
d,9.995487,0.236747,2.406006,0.001048
d,18.750311,0.918649,1.420270,0.004066
d,0.276686,2.067016,2.107225,0.001969
d,56.433865,0.600069,1.203111,0.005199
d,407.904205,0.195024,1.071030,0.002155
d,37.181938,1.164987,1.287613,0.002983
d,-0.852874,0.472121,3.014886,0.007229
d,90.055054,0.537510,1.414424,0.004973
d,259.437622,0.408319,1.442485,0.003820
d,326.961700,0.410143,2.063446,0.000595
d,418.780029,0.032231,2.003858,0.001875
d,139.795227,0.635461,0.899355,0.001655
d,4.340702,0.230453,2.833005,0.012127
d,29.081512,1.341021,1.329502,0.002175
d,0.228664,0.855119,2.486238,0.000856
d,16.623764,1.113411,1.746525,0.003699
d,4.905711,0.369759,3.232142,0.004060
d,0.055740,1.137944,1.381835,0.002034
d,150.880890,0.520419,1.661837,0.000366
d,-0.263192,1.126261,1.590393,0.001021
d,0.153923,3.449298,0.828082,0.000457
d,14.031471,0.293607,1.404094,0.006381
d,22.017399,0.495645,1.598146,0.007921
d,59.511436,0.619761,0.830599,0.007384
d,162.532547,0.123504,1.944107,0.003969
d,3.520829,0.467969,2.025200,0.005561
d,13.334311,0.561703,1.954021,0.004231
d,0.886573,0.692478,2.193407,0.002501
d,-0.383043,0.541955,1.901275,0.004444
d,50.665524,0.656558,1.611676,0.004518
d,6.389293,1.007967,1.704391,0.003305
d,25.360008,0.915896,1.403438,0.003125
d,1250.254517,0.117544,1.537183,0.001690
d,15.200162,1.018791,1.861827,0.003800
d,1.654271,0.408465,2.993046,0.009669
d,7.535556,0.424371,2.146554,0.005690
d,212.307373,0.042553,2.143345,0.001407
d,39.833248,0.704358,1.482383,0.003428
d,-1.384974,0.545002,1.666011,0.009881
d,-2.193469,0.291289,1.787672,0.005698
d,13.200951,1.354570,2.142618,0.000661
d,1.498988,0.468900,2.735049,0.001527
d,54.234985,0.531395,1.546275,0.002809
d,103.709824,0.687432,1.079806,0.001822
d,19.652584,0.577383,1.214256,0.009045
d,1.839904,1.116941,1.898207,0.006362
d,8.267212,0.379381,2.362008,0.002538
d,125.562851,0.134080,1.982848,0.002610
d,13.518353,0.579029,1.502780,0.005571
d,12.681616,0.877237,1.239801,0.003556
d,827.263733,0.109089,1.431936,0.003000
d,260.552185,0.069798,1.826668,0.005582
d,16.692074,0.863495,1.732938,0.003866
d,0.816875,0.934012,3.718558,0.007160
d,2.264758,1.788009,1.440725,0.001936
d,34.373074,0.819733,1.579908,0.004550
d,-0.098119,0.680541,2.623775,0.001143
d,12.060022,0.572747,0.913679,0.010714
d,-1.026913,1.233902,2.221050,0.003993
d,-0.063489,1.183016,1.760230,0.001961
d,24.021475,0.675310,1.603960,0.005185
d,17.736588,0.899932,1.742649,0.005612
d,-0.418405,1.207293,2.185916,0.004113
d,-2.567902,0.819470,2.356225,0.002061
d,35.089172,0.608504,1.206804,0.004626
d,20.433191,0.777043,1.863843,0.006114
d,110.694412,0.610748,1.449970,0.003989
d,-1.352806,0.610213,2.686493,0.001021
d,43.176331,1.019776,1.093179,0.002897
d,48.958199,0.992728,1.513780,0.001650
d,54.065853,0.828357,1.324669,0.001952
d,0.095975,1.317139,2.433271,0.002552
d,4.656952,0.755919,1.649521,0.003131
d,0.637851,0.884131,1.892395,0.001348
d,18.314869,0.582266,2.125504,0.002514
d,0.587457,1.059559,2.626240,0.004552
d,96.017937,0.622063,0.923880,0.005477
d,38.088612,1.259717,1.159807,0.002171
d,820.163635,0.168219,1.981024,0.001670
d,91.537369,0.610073,1.353629,0.001047
d,22.435566,0.758310,1.845141,0.006015
d,21.363033,1.412499,1.549067,0.001735
d,45.539394,1.083700,1.969575,0.000277
d,37.618137,0.676397,1.795714,0.002907
d,96.859665,0.467320,1.049229,0.003853
d,49.108044,0.726470,1.178531,0.005285
d,43.567856,0.873231,1.316169,0.003399
d,250.511536,0.518255,1.827915,0.001210
d,1135.832153,0.119881,1.578023,0.001974
d,50.728386,1.358250,1.498631,0.000955
d,46.268398,1.103405,1.550938,0.001023
d,68.275475,0.644206,1.353662,0.002803
d,5.918044,0.450046,1.989150,0.003893
d,4.406624,0.230320,1.226137,0.003197
d,18.644156,0.515731,1.495133,0.003118
d,50.840996,0.231223,1.774217,0.012192
d,21.468176,1.568578,1.614103,0.001897
d,148.428864,0.477365,1.629865,0.002580
d,79.649384,0.447947,1.746207,0.006260
d,0.292770,1.008106,1.176215,0.003296
d,118.370308,0.297059,1.917755,0.000489
d,34.953316,0.326656,1.385246,0.008037
d,28.640079,0.852525,1.765321,0.003534
d,0.789106,1.973036,1.711016,0.001061
d,159.819107,0.544524,1.066934,0.002975
d,8.129201,1.281658,1.340566,0.001831
d,-0.198396,1.098092,1.337472,0.003697
d,486.058105,0.268152,1.951289,0.000640
d,365.033539,0.303145,1.649317,0.004622
d,105.259163,0.364144,1.399894,0.006162
d,1.202153,0.867413,2.779301,0.002150
d,15.995041,1.356337,1.609499,0.001542
d,-0.415370,2.073172,4.262718,0.001029
d,-3.821444,1.399552,2.044483,0.002398
d,32.738766,0.888529,1.105012,0.005322
d,25.248610,0.024980,3.098838,0.001224
d,203.300415,0.145269,2.022972,0.005035
d,-0.479261,1.691591,2.916362,0.001444
d,23.031435,0.089851,2.081118,0.001756
d,22.304556,0.144268,1.781230,0.006120
d,123.665291,0.652946,0.880247,0.003993
d,85.819290,0.674758,1.231591,0.004422
d,158.434448,0.423846,1.143579,0.004546
d,139.535645,0.562623,1.010603,0.002641
d,1369.316406,0.098400,1.788836,0.001707
d,-0.910960,0.294164,1.861761,0.009082
d,180.171432,0.524656,1.846277,0.002706
d,-0.027628,1.034400,2.020345,0.001496
d,0.714159,1.201124,1.955499,0.001373
d,2.297637,0.354812,1.699828,0.007139
d,25.343628,0.673658,1.796543,0.005299
d,17.493057,0.561765,1.517405,0.000872
d,-0.226216,0.186982,2.199912,0.001348
d,18.596008,0.830457,1.535264,0.001321
d,0.716565,3.020995,1.409661,0.000747
d,144.289932,0.406402,1.453339,0.005883
d,151.133255,0.615510,1.546004,0.001392
d,0.710416,0.702006,2.158565,0.006826
d,32.443291,0.573900,1.621326,0.006786
d,-0.163614,0.658248,3.144236,0.001118
d,7.092444,1.144496,2.150460,0.000495
d,103.115524,0.829892,1.773413,0.000912
d,147.834335,0.551422,1.383729,0.002862
d,19.223152,1.145646,1.708405,0.004170
d,57.333870,0.837899,1.304550,0.002083
d,5211.428711,0.028125,1.915310,0.000908
d,72.867470,0.842814,1.156780,0.001296
d,-1.867207,0.451757,2.630480,0.010766
d,62.808208,0.860398,1.504203,0.003189
d,110.864601,0.662073,1.334602,0.003628
d,383.582550,0.228697,2.090528,0.000766
d,9.810250,1.211091,2.147739,0.000909
d,177.707306,0.425793,1.296628,0.003181
d,98.967682,0.553869,1.204221,0.004302
d,30.478697,0.346738,1.560867,0.002786
d,42.020950,0.634908,1.492181,0.004350
d,11.820519,1.508124,1.579055,0.001493
d,480.533539,0.203375,1.206887,0.003704
d,-1.424483,0.972104,1.868737,0.002349
d,106.515587,0.341195,1.772553,0.001489
d,39.400906,0.180477,1.493641,0.004031
d,38.549782,0.572892,1.688294,0.002384
d,169.108566,0.368517,1.158547,0.006550
d,195.987061,0.060995,3.036862,0.000516
d,2694.388184,0.030541,2.103245,0.001364
d,0.919083,0.531165,2.151202,0.006296
d,174.350174,0.506399,1.620567,0.002807
d,40.857311,0.711249,1.683734,0.005675
d,11.285899,0.064009,2.052082,0.006725
d,26.069229,0.645629,1.509306,0.002359
d,2.868933,1.393289,1.749122,0.001723
d,14.616393,0.788464,1.343342,0.001619
d,3.008702,0.639119,1.666120,0.002987
d,1.323894,0.380457,2.256703,0.003239
d,413.811279,0.166915,1.608422,0.001188
d,140.650574,0.504255,1.199776,0.003281
d,1.492837,0.466570,1.629487,0.003570
d,129.463409,0.116927,2.022545,0.001038
d,20.878330,0.524909,1.721179,0.005984
d,77.080849,0.618424,1.379122,0.002652
d,1.533539,1.165034,1.945692,0.002410
d,2.697105,0.887475,2.043434,0.003691
d,125.179649,0.478947,1.263776,0.004282
d,18.702045,0.291394,2.197847,0.001907
d,96.052116,0.840043,1.215064,0.001707
d,19.804941,0.892166,1.557927,0.004526
d,10.214257,1.066054,1.712095,0.000535
d,36.428280,0.727534,1.789343,0.003907
d,375.608215,0.102155,1.667019,0.003685
d,87.583824,0.666699,1.370218,0.003116
d,6.844600,1.399478,1.712684,0.001677
d,1004.013916,0.101705,1.562033,0.002962
d,782.536987,0.197339,1.688203,0.003107
d,5.023395,0.510209,2.182812,0.004589
d,111.841484,0.721832,1.002686,0.002393
d,-3.469177,0.218739,3.282738,0.004692
d,6.805304,0.479711,1.371185,0.003535
d,0.611375,0.347894,2.794270,0.007990
d,-0.662679,1.471056,2.279372,0.002787
d,3.442720,0.723218,1.800435,0.001528
d,1.500693,0.966475,2.045618,0.003994
d,-3.521651,0.291974,2.052627,0.006117
d,48.975864,0.921541,1.364061,0.003009
d,-1.900437,0.429038,2.208350,0.008364
d,1615.213135,0.070624,1.656375,0.001132
d,143.224152,0.218162,1.487067,0.007910
d,6.477806,1.049793,1.713869,0.002667
d,43.302795,0.647354,1.284506,0.004107
d,88.395241,0.741003,1.495893,0.001790
d,-0.013244,0.928653,2.485900,0.001221
d,141.618454,0.369121,1.971672,0.000569
d,3.782681,1.554384,1.335276,0.002924
d,54.871944,0.603534,1.026681,0.003941
d,190.487152,0.306584,1.494715,0.003894
d,552.271240,0.068871,1.867548,0.001378
d,1.589265,0.454499,1.763882,0.009343
d,-0.645240,0.752224,3.729308,0.002856
d,594.917175,0.241026,2.093030,0.000604
d,1.867331,1.060365,2.051773,0.001970
d,-0.859161,1.210377,3.501107,0.005045
d,80.650810,0.036748,2.696193,0.001939
d,58.009617,0.742479,1.674057,0.001087
d,96.305740,0.593866,1.456457,0.002776
d,-1.102338,1.165071,2.360429,0.003414
d,65.791901,0.477431,1.222887,0.006222
d,7.287940,0.421245,2.063534,0.008448
d,101.811630,0.447759,1.124528,0.003543
d,618.137451,0.183008,1.518849,0.001350
d,-1.032620,1.055959,2.765989,0.004317
d,129.901581,0.579283,1.283270,0.002230
d,53.460686,0.382974,1.647693,0.002767
d,-1.180195,0.219613,2.670140,0.013955
d,127.661453,0.522734,1.246409,0.004304
d,128.595154,0.450947,1.083447,0.007755
d,-0.377493,1.079113,2.353652,0.003578
d,261.260376,0.150676,1.816707,0.010367
d,126.350975,0.701706,0.890553,0.002431
d,67.454643,0.078192,2.163615,0.003474
d,6.996617,1.354964,1.672988,0.002671
d,30.438368,0.992691,1.265990,0.004012
d,98.017990,0.630856,0.949986,0.003438
d,-0.311982,0.969658,4.103633,0.003958
d,-0.285190,1.078654,1.770709,0.002905
d,492.168945,0.122147,2.102141,0.004001
d,190.218124,0.533296,1.869660,0.002595
d,676.506958,0.009752,2.009894,0.005876
d,129.888184,0.304009,0.919194,0.003223
d,2.352171,0.638518,1.365669,0.009183
d,102.120865,0.320576,1.431462,0.006594
d,113.250359,0.726802,0.898557,0.001805
d,25.894386,0.661560,1.366616,0.002574
d,97.171127,0.563749,0.916271,0.002809
d,22.684731,0.717122,1.609857,0.004166
d,31.863253,0.576680,1.665300,0.005960
d,1.276350,0.895437,2.173297,0.001397
d,-0.199106,4.135292,4.112990,0.000620
d,160.007996,0.375518,1.277685,0.006159
d,656.003235,0.138387,1.108772,0.004541
d,195.675537,0.414114,1.092025,0.004298
d,1.295084,1.000893,2.143254,0.005049
d,64.956902,0.707517,1.440398,0.004214
d,1.187620,1.416066,1.471036,0.003058
d,-0.614808,0.998533,2.483112,0.002549
d,9.025850,0.740497,1.918412,0.004507
d,16.271891,1.310444,1.564244,0.001850
d,22.177637,0.673063,1.530754,0.005803
d,25.931454,0.693256,1.774628,0.004585
d,262.045563,0.449602,1.647770,0.001644
d,76.252167,0.660835,1.399220,0.002721
d,23.107048,0.746359,1.506584,0.004632
d,0.963226,0.565694,2.443224,0.004964
d,31.710331,0.105108,1.169958,0.001407
d,8.539952,1.067167,1.671457,0.004319
d,13.878385,0.109095,0.741677,0.004467
d,-2.029442,1.395678,1.957396,0.004342
d,509.489227,0.206379,1.089268,0.002771
d,382.858826,0.013101,1.532191,0.003205
d,167.661438,0.477754,1.032624,0.005250
d,17.357273,0.967778,1.318756,0.002468
d,-0.648679,1.575118,4.499644,0.000100
d,91.420586,0.756941,1.032222,0.002400
d,10.296445,0.974034,1.882966,0.001764
d,-0.180575,1.633856,2.011831,0.001533
d,26.231833,0.632180,1.389747,0.004182
d,243.756577,0.288785,1.297178,0.001655
d,-2.662000,1.179932,3.076596,0.001990
d,0.643200,1.055808,1.003754,0.005647
d,-0.075850,1.050946,2.027298,0.000856
d,1.495105,1.182174,1.232471,0.001253
d,-0.071822,0.617209,2.155035,0.005353
d,535.118774,0.230671,1.474868,0.003369
d,445.381989,0.312445,1.976877,0.001731
d,-0.705791,1.276238,2.699108,0.004339
d,16.494942,0.178175,2.130571,0.009374
d,6.547356,1.593726,1.175023,0.002478
d,74.958229,0.169512,2.232453,0.002629
d,-0.300814,0.607854,2.089775,0.005191
d,261.688751,0.362568,1.152444,0.003926
d,39.569313,0.522947,1.532909,0.004924
d,1.827314,0.354406,2.757760,0.003328
d,2.488000,0.774227,1.877742,0.005144
d,98.948357,0.501832,1.387510,0.002259
d,45.572811,0.543624,1.617209,0.006082
d,42.051929,1.181311,1.208100,0.001908
d,2.258985,0.717347,1.778862,0.004634
d,7.211624,0.252772,2.216218,0.006440
d,15.635742,1.207200,1.442369,0.002302
d,22.410990,0.717474,1.330504,0.001213
d,-1.182441,0.817994,1.721577,0.003239
d,12.003366,0.152995,1.715458,0.004931
d,58.506775,0.623399,1.087934,0.005443
d,17.601152,0.313347,2.021728,0.005617
d,-0.544794,0.284483,2.972034,0.004726
d,34.385010,0.454682,1.157634,0.008694
d,5.380033,1.863094,1.988074,0.001444
d,4.054668,0.752317,1.186246,0.002999
d,90.988037,0.727158,1.466790,0.003125
d,-2.026497,1.440383,2.443655,0.001989
d,1.088122,0.668326,1.869582,0.004657
d,224.170029,0.379699,0.359401,0.004836
d,247.063721,0.113474,1.846930,0.002781
d,2.993250,0.262649,1.850985,0.005240
d,6.672015,0.445416,2.612184,0.008441
d,-0.281117,1.322228,2.131862,0.001845
d,4.962285,0.882738,1.354460,0.005344
d,26.473169,0.536212,1.761938,0.004191
d,193.409149,0.434905,0.903009,0.004060
d,141.396866,0.242612,1.658860,0.005241
d,938.750671,0.085529,1.494598,0.003465
d,-0.216013,0.683534,1.513870,0.004060
d,135.574356,0.345407,1.429779,0.002571
d,2611.361816,0.052123,1.960553,0.000522
d,882.396729,0.171159,1.842947,0.002240
d,64.400284,0.175333,2.012942,0.006723
d,4.842223,1.173185,0.928313,0.003204
d,67.638367,0.603128,1.256526,0.006269
d,-0.215449,1.718910,0.836211,0.003199
d,109.615120,0.496912,1.374934,0.004200
d,0.437575,0.869707,1.578936,0.002864
d,19.951239,0.457621,1.741196,0.005948
d,7.813356,1.197335,1.394567,0.004619
d,140.624359,0.393446,1.344623,0.003069
d,18.169600,1.175334,1.468325,0.003287
d,22.008854,1.025154,1.527881,0.002028
d,1.833055,0.723188,1.841163,0.003339
d,87.182877,0.091731,1.751828,0.007349
d,693.026733,0.126778,1.197869,0.002622
d,23.499487,0.530086,1.226192,0.006391
d,-3.041069,1.000574,2.754782,0.004789
d,1.293326,0.615882,1.286109,0.002477
d,30.887863,1.310978,1.484758,0.002835
d,0.542341,1.596345,1.509012,0.005250
d,109.035713,0.596862,1.038707,0.002976
d,-1.549593,0.388741,1.726040,0.004680
d,138.142471,0.471922,1.532797,0.004909
d,80.924667,0.630909,1.060946,0.004462
d,177.693481,0.423818,1.345453,0.004422
d,900.199707,0.166740,1.556040,0.002445
d,935.214294,0.154787,1.980769,0.000462
d,-0.624540,0.072565,3.572698,0.035453
d,1.768200,1.364948,2.146182,0.001712
d,-0.932273,0.496531,2.308146,0.002251
d,37.081577,0.355683,1.480828,0.007265
d,28.313616,0.060844,1.795606,0.012086
d,99.272789,0.377444,1.514475,0.006117
d,-0.308657,1.774578,1.697143,0.002138
d,0.870899,0.334349,1.722781,0.002868
d,145.060913,0.477346,1.227399,0.004119
d,1.166691,0.888124,1.491294,0.005501
d,36.094921,1.383971,1.171968,0.001547
d,2.502755,1.300716,2.008297,0.002835
d,0.264116,1.245862,2.065253,0.003574
d,-0.995858,1.086894,2.042672,0.006444
d,134.466248,0.401079,1.679109,0.002705
d,10.733296,0.564989,1.541433,0.005375
d,1364.318604,0.102979,1.970751,0.001651
d,2.066341,0.487303,0.813590,0.005952
d,112.957245,0.503386,1.086281,0.004039
d,6.030643,1.414336,1.563923,0.001765
d,-2.026133,1.427884,1.448984,0.004748
d,34.674488,0.726828,1.342818,0.003799
d,67.363510,0.532044,1.079905,0.003614
d,49.100552,0.838591,1.466472,0.002247
d,-0.914627,0.346120,1.565122,0.004110
d,109.923386,0.318516,1.112788,0.001583
d,35.160751,1.132447,1.392158,0.002156
d,4.468893,0.176139,2.596151,0.007578
d,61.663994,0.693690,1.780984,0.003602
d,0.848390,0.727811,2.191595,0.003013
d,3.514696,2.562238,1.831715,0.001855
d,6.704794,0.553304,1.416708,0.007812
d,172.123688,0.470151,1.166843,0.003159
d,17.089779,1.347706,1.541420,0.002638
d,17.829933,0.248695,2.359050,0.002896
d,46.439514,0.822992,1.340119,0.001100
d,-5.625453,1.163634,1.938878,0.004449
d,-0.277127,1.040771,2.340011,0.003029
d,10.209282,0.812544,1.549086,0.004034
d,120.536888,0.480720,1.039479,0.005849
d,-0.036327,0.252654,2.839169,0.001934
d,8.145216,0.438395,1.104276,0.004316
d,337.403320,0.213865,1.831581,0.004948
d,26.612350,1.427162,1.399527,0.003003
d,0.838513,0.887056,1.986716,0.003921
d,22.166407,0.913591,1.431724,0.003933
d,127.731873,0.734446,1.874650,0.000735
d,719.131409,0.183533,1.802035,0.001013
d,30.793221,1.445866,1.152336,0.001041
d,35.455406,0.591969,1.751734,0.007939
d,-0.472116,0.789479,2.041533,0.005400
d,58.486069,0.909757,1.465939,0.001703
d,7393.105957,0.020317,1.785756,0.000548
d,110.438431,0.465370,1.086315,0.007341
d,3.390293,0.908886,1.675331,0.004077
d,1113.221924,0.090508,1.544796,0.002107
d,14.194015,1.265519,1.453681,0.003249
d,4.522933,2.293930,1.689741,0.002052
d,203.613358,0.589564,1.907694,0.000912
d,50.364960,0.756981,1.886956,0.004668
d,6.436921,0.915835,0.807928,0.009734
d,95.516312,0.250366,0.862490,0.005423
d,34.270897,0.472773,1.145415,0.003933
d,0.655541,1.807469,1.089583,0.001947
d,10.939720,0.759016,1.705010,0.001552
d,70.159210,0.718195,1.296205,0.003199
d,3.543947,0.761279,2.202389,0.001832
d,8.810942,0.404450,1.963917,0.004977
d,62.238873,0.531072,1.199280,0.002933
d,12.501793,0.276665,2.312389,0.005060
d,84.909676,0.503998,1.416119,0.003547
d,10.122783,0.612312,1.537233,0.003117
d,-0.181708,1.632178,1.698482,0.003508
d,-0.386462,1.850679,1.864143,0.001434
d,5.108265,0.161503,1.897483,0.002025
d,1.342572,0.487209,2.238403,0.005985
d,130.564575,0.537859,1.116968,0.002701
d,1.770790,1.468655,1.987234,0.002885
d,-2.772963,0.436228,3.181485,0.006509
d,90.429695,0.477745,0.995605,0.008051
d,102.246201,0.607076,1.443095,0.005747
d,84.491531,0.517816,1.066231,0.004284
d,58.545662,1.054019,1.078194,0.002702
d,28.363058,0.863971,1.148227,0.003441
d,0.838579,0.372790,3.475937,0.002600
d,-0.343047,0.641552,1.856322,0.005949
d,8.229487,0.497984,1.600834,0.009962
d,42.614361,0.026052,2.429588,0.000197
d,49.307041,0.800448,1.071357,0.002725
d,58.265457,0.651138,1.665123,0.002272
d,122.473640,0.538610,1.373403,0.003122
d,9.110223,0.530613,1.786729,0.005845
d,28.610079,0.398249,1.754393,0.003974
d,42.876713,0.856729,1.327345,0.002230
d,177.547592,0.328033,0.455753,0.005556
d,65.567085,0.927617,1.235960,0.002299
d,516.767578,0.107501,2.013893,0.001285
d,-3.302931,0.570195,2.349185,0.004348
d,0.822194,1.852444,1.897444,0.002342
d,1.610375,0.722072,1.486082,0.002445
d,1.727570,0.245493,1.855930,0.007452
d,143.358261,0.078806,2.199581,0.002630
d,16.802214,0.673335,1.816244,0.001060
d,10.705872,0.638731,1.237269,0.005779
d,122.358063,0.538234,1.223421,0.004514
d,2.805619,1.498267,2.141326,0.002725
d,-0.445039,0.644330,2.452304,0.004420
d,-0.947148,0.239665,2.215280,0.018946
d,21.851913,1.793611,1.333857,0.001577
d,0.668231,0.901819,2.742018,0.001106
d,6.570733,0.899681,2.230028,0.004615
d,53.924351,0.636830,0.985361,0.003468
d,-0.304999,0.917669,2.551128,0.002541
d,4.198579,0.420291,0.994165,0.007223
d,0.963217,0.561431,2.200658,0.007356
d,-0.125221,1.355028,1.581297,0.001012
d,-1.430911,0.695155,2.430476,0.008838
d,8.520500,0.162174,1.663740,0.017317
d,39.318142,0.106333,0.806359,0.002582
d,38.293510,1.205140,1.516621,0.002205
d,1817.277222,0.069372,2.023231,0.000644
d,63.303101,0.731396,1.212348,0.005933
d,106.865150,0.518643,1.618722,0.004010
d,29.574245,0.193890,1.341685,0.006045
d,150.927536,0.700428,1.981683,0.000954
d,-1.294556,0.907010,1.991817,0.006324
d,47.568008,0.523680,1.359195,0.005609
d,-0.366903,0.419893,4.324949,0.005735
d,18.818031,0.622815,1.490835,0.006944
d,-2.440992,0.128756,2.763014,0.002418
d,33.103214,0.172432,2.091725,0.007921
d,116.205681,0.413829,1.037140,0.007261
d,143.236023,0.487097,1.163571,0.004337
d,2.047635,0.716533,2.082087,0.003527
d,-1.448747,0.803864,2.073706,0.004578
d,10.826982,0.093781,1.766956,0.000626
d,86.167152,0.426837,1.195856,0.006718
d,9.422456,1.113437,1.546680,0.004672
d,2.075710,0.363875,3.218635,0.009180
d,3.970700,0.484345,2.263724,0.000733
d,-0.027658,1.087507,1.785363,0.002868
d,22.860018,0.656015,1.580892,0.000855
d,-2.677359,0.322148,1.559269,0.002973
d,378.328796,0.223406,1.560355,0.004529
d,15.299816,0.287167,2.773587,0.001320
d,26.500399,0.828721,0.811212,0.003447
d,37.744957,0.418573,1.754182,0.002965
d,3.702156,0.562334,2.275517,0.002038
d,36.323463,1.346650,1.085248,0.003184
d,1.479190,0.223567,3.026097,0.002785
d,144.197342,0.015586,2.241263,0.000421
d,-0.001660,0.429302,2.111774,0.002250
d,912.665100,0.088346,2.030611,0.002033
d,21.837795,1.150636,1.525550,0.003000
d,58.582237,0.818032,1.286635,0.002762
d,84.447205,1.359438,0.926221,0.002283
d,4.585068,1.481768,1.800139,0.002803
d,0.142480,0.968342,2.116536,0.005092
d,0.441537,1.129244,2.357109,0.002047
d,133.873672,0.536168,1.117371,0.006013
d,1.401059,0.336904,1.503194,0.001324
d,5.921976,0.703392,1.508463,0.002961
d,-0.888319,0.229817,2.039445,0.005591
d,43.341770,0.439018,1.805751,0.003483
d,-1.858671,0.415172,2.042971,0.008363
d,154.451813,0.662185,1.830757,0.000575
d,0.478268,0.617333,2.254212,0.005814
d,234.535019,0.335635,1.783692,0.001356
d,51.436916,0.210409,2.195606,0.002079
d,115.836426,0.634718,1.012536,0.003060
d,36.621819,0.521193,1.790156,0.002023
d,11.099084,0.744647,2.277543,0.001008
d,20.595903,0.572770,1.174997,0.003999
d,9.327578,1.412430,1.655765,0.000683
d,162.709427,0.693983,1.032608,0.001036
d,1408.923950,0.080755,1.684608,0.002380
d,122.122879,0.444270,0.676447,0.001756
d,7.982615,0.380386,2.425386,0.003552
d,133.067093,0.438320,1.360514,0.005715
d,12.378157,1.196006,1.884392,0.004222
d,79.051613,0.341375,1.612618,0.001584
d,101.649406,0.766617,1.116320,0.002255
d,-2.784658,0.124405,2.493292,0.000147
d,27.538605,0.584813,1.529490,0.004604
d,4.873350,0.354144,2.549546,0.003076
d,8.043989,0.931806,1.995305,0.001595
d,0.702971,1.183011,2.752167,0.004600
d,133.162354,0.542365,1.006267,0.003517
d,37.556736,0.885684,1.797608,0.001924
d,250.505875,0.306643,1.117025,0.003053
d,45.131828,1.276918,1.245197,0.001425
d,1440.168701,0.089259,1.446110,0.002904
d,35.171509,0.586360,1.648563,0.003084
d,127.178162,0.560749,1.324618,0.003489
d,144.330597,0.479382,1.208705,0.006434
d,2.145838,0.762387,2.287871,0.003908
d,88.845924,0.733211,1.356668,0.003239
d,-2.443410,0.177484,2.783032,0.010227
d,-0.636511,0.790679,2.029791,0.006149
d,2.071837,1.336100,1.750808,0.004524
d,2.098914,1.119524,1.470553,0.001518
d,2.990346,0.995662,1.907927,0.001966
d,-1.814592,0.803855,2.222266,0.005965
d,180.404037,0.075923,2.147213,0.005923
d,-0.067121,0.769219,1.311177,0.005132
d,7.964111,0.837228,2.019053,0.003264
d,379.777588,0.334265,1.970416,0.000744
d,4.771547,0.872792,1.610611,0.004443
d,1.270732,0.474523,2.145904,0.010320
d,3.584743,1.273289,1.486575,0.003975
d,37.111465,0.612727,0.540065,0.002000
d,21.565458,0.903008,1.512748,0.003715
d,148.626633,0.604149,0.978071,0.000952
d,-0.405501,0.832961,3.110467,0.003244
d,4.099202,1.662932,1.917844,0.003112
d,7.192364,1.485583,1.430474,0.001749
d,75.842606,0.596741,1.383671,0.002497
d,-0.059114,2.486715,2.678842,0.000958
d,78.273376,0.370594,1.953704,0.000694
d,153.223724,0.542641,1.540674,0.002608
d,77.469833,0.671316,1.332080,0.005564
d,8.397997,0.131234,2.693679,0.016451
d,12.977195,2.024222,1.638446,0.001318
d,369.911194,0.029056,2.128062,0.000825
d,8.008896,1.400060,1.538633,0.003663
d,59.922928,0.756789,1.423988,0.002151
d,53.613468,1.014137,1.450681,0.001120
d,-0.763105,0.995243,3.439849,0.002646
d,6.576214,0.659456,1.473472,0.002193
d,9.656981,0.385521,1.949044,0.002704
d,103.414124,0.742697,1.411512,0.002124
d,-0.392440,1.011744,1.694872,0.001135
d,31.171452,0.502757,1.826897,0.001269
d,0.041921,2.149294,1.915004,0.001422
d,30.945534,0.460667,1.614188,0.002985
d,6.175522,0.386494,1.623069,0.006015
d,16.897184,0.817913,1.924784,0.004303
d,21.465111,0.583469,1.823521,0.005138
d,14.414037,0.699872,1.169042,0.003458
d,347.134094,0.324515,1.583584,0.003978
d,24.417112,0.638298,1.083661,0.006425
d,2.979185,0.290792,2.339226,0.007634
d,9.038840,1.131041,1.997657,0.000372
d,3.879371,0.834925,1.689027,0.006891
d,-2.977648,0.302187,2.171134,0.003374
d,-0.347075,2.122946,2.989481,0.001444
d,67.379204,0.574244,1.448364,0.003909
d,0.349399,0.752182,2.402171,0.004318
d,7.515185,1.279778,1.893178,0.002959
d,0.267215,0.876743,3.018952,0.003615
d,2.545886,0.505464,1.683593,0.008102
d,6.473088,0.821985,2.479945,0.002701
d,-6.109968,0.634183,2.150615,0.006865
d,6.319309,0.644866,2.048631,0.006158
d,106.100647,0.559463,1.498931,0.003936
d,17.896505,1.563437,2.084346,0.000839
d,0.671207,1.426603,1.831138,0.004438
d,276.631927,0.212979,1.552476,0.006405
d,32.623371,0.469543,1.898633,0.005584
d,0.723822,0.902570,1.118643,0.003667
d,4.885771,0.800989,1.693835,0.004222
d,8.558764,1.312139,1.947178,0.000329
d,6.257264,0.604814,1.569231,0.003243
d,164.413376,0.556070,0.862846,0.002169
d,40.503899,0.523007,1.747809,0.000701
d,23.748243,0.495310,1.421635,0.001025
d,-1.524561,0.695706,2.755140,0.007206
d,33.615940,1.115161,1.596994,0.004421
d,0.462492,1.250206,2.092972,0.001855
d,181.826874,0.392221,1.935699,0.006246
d,416.314850,0.150463,1.662312,0.004548
d,84.297523,0.197254,1.258131,0.006351
d,212.189590,0.471565,0.435908,0.004992
d,41.177101,0.687742,1.400352,0.005631
d,3.641998,0.987985,1.314255,0.004628
d,78.554268,0.110019,1.362648,0.015637
d,196.160294,0.304347,1.259794,0.002837
d,0.271842,1.113336,2.466289,0.003411
d,75.699905,0.634502,0.900582,0.001948
d,12.258908,1.539568,2.020205,0.001150
d,297.804626,0.144120,1.445197,0.002765
d,3.658332,0.847209,1.819900,0.006055
d,0.377734,0.521441,2.653825,0.004858
d,32.756386,0.330793,1.315874,0.005861
d,34.241833,0.826492,1.219119,0.001628
d,4.468630,0.987051,1.878112,0.002001
d,1.424953,0.391610,0.877285,0.006451
d,-1.063084,0.973009,3.738207,0.003342
d,1.659969,0.800983,1.094953,0.001418
d,6.924452,0.574433,1.619619,0.005613
d,35.940544,0.693618,1.466908,0.005826
d,110.228363,0.432397,1.191191,0.002933
d,44.092140,0.647964,0.908789,0.003439
d,323.915802,0.110206,1.939299,0.002604
d,581.423584,0.244357,1.988288,0.000734
d,-2.664860,2.789860,2.009065,0.001612
d,-3.062586,1.201650,2.149228,0.003574
d,4.434361,1.260355,1.873464,0.001320
d,1.227190,0.734326,3.002501,0.001942
d,3.467937,0.718388,2.157399,0.004027
d,2.808778,0.310591,2.573020,0.001844
d,16.012020,1.475797,1.439721,0.002673
d,268.338684,0.012572,2.378765,0.001940
d,104.491936,0.464762,1.231477,0.002159
d,2.936534,0.859970,1.787408,0.006848
d,40.770222,0.842910,1.450690,0.004366
d,7.348518,1.840304,1.708763,0.002140
d,5.010746,1.206634,1.758299,0.002660
d,3.964514,0.979109,1.844916,0.002850
d,84.798027,0.550411,1.731131,0.001977
d,37.699371,0.450038,1.700996,0.007217
d,357.613892,0.330198,0.753975,0.001699
d,82.016434,0.528380,1.403744,0.003111
d,40.377293,0.570123,1.214857,0.003887
d,-4.041362,0.762840,2.331515,0.007950
d,-5.766176,0.829231,2.095158,0.005197
d,40.701515,1.169524,1.447491,0.002032
d,1.193492,1.134592,2.479393,0.004607
d,1323.364502,0.110960,1.918628,0.000962
d,32.441471,0.720667,1.597410,0.004360
d,40.919697,0.850372,0.848246,0.002656
d,137.374359,0.495637,1.007765,0.003720
d,8.208169,1.556405,1.344563,0.002002
d,2.009547,1.023539,2.703557,0.005868
d,0.696657,1.107584,2.007735,0.001475
d,478.556000,0.116671,1.957668,0.001176
d,107.911819,0.660848,0.972380,0.002669
d,-0.128570,2.910557,2.603389,0.000918
d,3.789778,0.884984,1.581411,0.001601
d,121.459969,0.127998,2.101359,0.004950
d,3.395486,1.443345,1.901654,0.002525
d,43.817196,0.332094,1.479367,0.007344
d,209.767761,0.139826,1.243085,0.004505
d,133.040771,0.414836,1.231109,0.006456
d,0.998591,0.334119,2.710334,0.001752
d,45.416008,0.732828,1.332488,0.003613
d,43.915985,1.274925,0.772157,0.003740
d,52.572575,0.673661,1.148154,0.002293
d,44.878639,0.552558,1.629093,0.009021
d,31.191401,1.257461,1.362240,0.001709
d,197.764389,0.381132,1.817808,0.002120
d,5.846891,0.773890,2.397071,0.002706
d,20.736534,1.293032,1.387330,0.002329
d,112.233299,0.549280,1.131898,0.001578
d,-0.803110,0.570930,2.474142,0.000955
d,1.942385,0.073939,3.429419,0.020684
d,233.089966,0.021882,2.040696,0.001495
d,1.378694,0.439511,1.533627,0.003518
d,27.068392,0.164162,2.105081,0.002492
d,12.588341,1.803719,1.595116,0.003142
d,8.908087,1.508738,1.504822,0.002059
d,389.619568,0.151007,2.036791,0.000925
d,33.407688,1.083393,1.258436,0.003789
d,-2.049472,1.115927,2.322234,0.004093
d,70.791763,0.590387,1.202959,0.006530
d,45.407406,0.895166,1.237017,0.003574
d,14.901265,0.587200,1.461049,0.004199
d,662.437256,0.228475,1.067348,0.002540
d,3.398495,0.317217,2.382584,0.001121
d,19.175980,1.665365,1.780394,0.000795
d,18.227957,1.022935,1.654115,0.004217
d,23.723372,1.264455,1.231892,0.001930
d,30.381826,0.592201,1.242513,0.005790
d,2860.290527,0.042347,1.949021,0.000995
d,50.575352,0.594219,1.719957,0.001598
d,86.277847,0.584249,1.665454,0.004766
d,144.487442,0.392971,0.941740,0.007373
d,3.059966,0.515965,2.516760,0.001024
d,57.646732,0.607340,1.289930,0.004611
d,40.647305,0.840920,1.561616,0.002612
d,22.017147,0.316098,1.233818,0.009879
d,325.932556,0.144331,1.437039,0.010764
d,29.359100,0.633169,1.948978,0.004746
d,5655.983887,0.024365,2.060456,0.000964
d,252.452042,0.377240,1.279615,0.001665
d,593.086487,0.213159,1.636910,0.002666
d,39.623909,0.301318,1.432051,0.010337
d,4.122985,0.260355,1.733777,0.002288
d,-1.148458,0.136946,0.687018,0.006915
d,26.315792,0.600291,1.696568,0.002902
d,29.056551,0.683232,1.603484,0.004386
d,-3.231133,0.718386,2.477177,0.004723
d,-0.220488,1.488370,2.401879,0.003262
d,11.719894,1.129161,1.722142,0.002535
d,31.629345,0.738850,1.136837,0.002109
d,7.569490,0.879752,1.880926,0.001315
d,43.302784,0.628896,1.465353,0.005061
d,17.729708,1.209732,1.712717,0.003626
d,1.636051,0.770756,2.144726,0.003630
d,-2.080911,0.308833,2.686793,0.012580
d,234.535019,0.335635,1.783692,0.001356
d,1.180389,0.388276,2.057165,0.007098
d,14.015079,0.752211,1.767616,0.005456
d,143.851608,0.050093,2.108676,0.001565
d,53.743420,0.926919,1.546843,0.002866
d,58.891293,0.227988,1.669207,0.006799
d,113.436012,0.553379,1.765362,0.001839
d,27.047804,0.198918,2.155055,0.000337
d,41.081436,0.597388,1.236368,0.007706
d,-0.739294,2.090475,2.118069,0.003408
d,23.727306,1.269860,1.997585,0.000434
d,20.125023,0.161091,2.151392,0.002543
d,374.016754,0.082173,1.463349,0.005088
d,-0.619663,0.588168,2.731905,0.001159
d,118.442085,0.252146,2.042747,0.006638
d,0.211186,0.500553,1.456494,0.004967
d,0.805698,1.357342,2.715625,0.004464
d,920.877625,0.077112,1.826226,0.001661
d,-1.627306,0.982293,1.800434,0.002382
d,22.608761,1.075295,1.754133,0.001423
d,4.641051,0.205946,1.674881,0.000728
d,5.024872,0.969698,1.634181,0.003873
d,132.105164,0.711376,1.549236,0.001289
d,134.376053,0.452359,1.313047,0.002986
d,9.157916,0.525704,1.795865,0.006149
d,74.600060,0.600831,1.423938,0.003304
d,144.364624,0.493371,1.277569,0.005204
d,0.969925,1.780139,1.579575,0.002557
d,0.898659,1.273324,1.945111,0.002370
d,0.549990,2.048460,2.084351,0.001909
d,-1.922106,1.416839,3.554440,0.004980
d,53.343842,0.762766,1.404810,0.001616
d,39.487705,0.836441,1.429160,0.002149
d,2.296315,0.656038,2.213047,0.005797
d,82.794357,0.657486,0.966369,0.002324
d,42.392353,0.097176,2.308139,0.000861
d,13.535447,2.166504,1.835358,0.000725
d,117.413475,0.577650,1.138745,0.002959
d,34.925377,0.477100,2.218295,0.002827
d,111.299393,0.617585,1.248100,0.003269
d,-0.200989,0.259138,3.251896,0.010753
d,50.253448,0.121736,1.599136,0.001283
d,-0.380649,0.762924,2.393216,0.008879
d,2.098914,1.119524,1.470553,0.001518
d,23.512495,0.254793,2.232238,0.004277
d,25.258636,0.847579,0.881017,0.002695
d,110.237846,0.207689,1.386854,0.001169
d,63.675781,0.611966,0.949164,0.003616
d,365.674622,0.167367,1.693867,0.001345
d,156.236847,0.498801,1.639464,0.000660
d,29.584112,0.807318,1.201865,0.003320
d,58.930969,0.411359,1.439064,0.004930
d,1522.953247,0.056210,2.013075,0.000645
d,-1.583466,1.036864,1.917409,0.000522
d,3.596594,0.729831,1.942598,0.004178
d,-1.628530,0.662660,1.982619,0.001539
d,577.244324,0.142392,1.381796,0.004543
d,1.949171,0.613365,2.223343,0.003799
d,-0.057165,3.597909,2.447348,0.000771
d,-0.231888,0.730315,1.383265,0.003596
d,0.629003,0.370322,1.304359,0.007686
d,-1.173616,2.188948,2.292754,0.003038
d,35.801506,0.268020,1.644108,0.013443
d,1.276869,0.265820,1.842621,0.001262
d,2.729540,1.142731,1.919605,0.002476
d,229.389923,0.435446,1.134456,0.002712
d,2.817260,0.263128,3.504861,0.014344
d,62.345093,0.874225,0.931326,0.002537
d,16.332081,1.761076,1.819523,0.000900
d,74.155594,0.668327,1.137809,0.004362
d,157.704544,0.123945,1.861925,0.002772
d,4.111088,0.957295,1.917555,0.003952
d,35.290451,0.458285,1.084902,0.004825
d,130.368530,0.185624,1.777280,0.002224
d,164.713196,0.228834,0.796972,0.003255
d,653.539917,0.103756,1.064613,0.005915
d,1.709667,0.799630,2.169906,0.003923
d,2187.221924,0.071155,1.551588,0.001709
d,-0.738270,1.342363,2.803039,0.001504
d,26.044271,0.422506,1.700516,0.003195
d,2.195373,0.637338,1.952895,0.008625
d,40.205814,0.684884,1.766342,0.000476
d,0.084101,0.992029,2.035542,0.002740
d,61.229382,0.755500,1.572601,0.000899
d,5.392096,0.597642,2.453990,0.002295
d,138.087036,0.596000,1.483977,0.003487
d,101.618134,0.745612,1.030294,0.001841
d,0.477031,1.116264,1.173379,0.002143
d,1.252442,0.869078,1.971412,0.002483
d,15.761405,0.496727,1.512288,0.005009
d,5.767739,0.159265,1.634804,0.009981
d,70.712410,0.190340,1.723917,0.002277
d,19.274693,0.523767,1.732483,0.004451
d,32.625332,0.978486,1.939662,0.002601
d,393.458740,0.156857,1.972288,0.002484
d,-7.967383,0.169161,1.859176,0.013312
d,17.729256,0.881201,1.905606,0.004308
d,18.768097,1.437104,1.875604,0.000856
d,13.252097,1.657414,1.502495,0.001505
d,331.748749,0.255613,2.047068,0.000578
d,0.463014,0.866321,1.657345,0.004503
d,24.634893,1.515529,1.462723,0.000614
d,65.380936,0.643199,1.050535,0.003401
d,599.345703,0.172535,1.819074,0.002510
d,0.390317,1.175863,2.509335,0.003527
d,0.967724,0.213176,3.422225,0.013987
d,32.264973,0.146559,2.010182,0.003297
d,3.306882,0.584976,1.981797,0.004412
d,116.201675,0.128433,1.821013,0.002006
d,53.931862,0.279653,1.172143,0.000395
d,27.073961,0.866552,1.342614,0.003057
d,1.016946,0.715915,1.665961,0.004108
d,59.797195,0.726643,1.341682,0.002801
d,86.389542,0.516959,1.207315,0.005168
d,11.615825,1.019468,1.865099,0.001780
d,3.513515,0.557011,1.502452,0.006385
d,19.622280,0.736860,1.439493,0.003765
d,-0.101016,2.257905,1.704028,0.001737
d,49.036697,1.283111,1.046856,0.002433
d,435.802246,0.257358,1.576270,0.001343
d,16.651171,1.372610,1.676759,0.001186
d,0.003605,1.260316,2.587966,0.001382
d,-0.720145,0.705689,1.886567,0.002132
d,22.601780,0.210984,1.790655,0.004668
d,-0.348643,1.034932,2.065856,0.001671
d,17.571823,1.435288,1.239082,0.001967
d,10.753830,0.264627,1.774363,0.002981
d,24.769827,1.247077,1.655173,0.001219
d,-0.148106,1.445907,1.836295,0.003419
d,16.619497,0.441202,1.723582,0.005752
d,5.022021,0.708165,2.662613,0.001639
d,0.076218,2.247708,1.447254,0.001344
d,1.337151,1.260360,1.328914,0.002345
d,-0.978038,1.345268,1.652745,0.001259
d,1.421841,1.512668,1.894857,0.002861
d,17.370417,0.574170,1.900408,0.004374
d,13.374660,0.356546,2.412117,0.000835
d,-2.957072,0.321977,4.456862,0.014851
d,16.662174,0.413678,1.667578,0.003848
d,-0.306445,2.028195,4.434927,0.001013
d,9.529368,0.590373,1.714240,0.005413
d,-0.925012,0.634399,1.738788,0.004397
d,-0.712294,0.191215,3.485097,0.013377
d,47.415344,0.657267,1.405329,0.002439
d,-0.347592,1.475957,2.865133,0.001789
d,-1.698617,0.296574,3.831523,0.005501
d,14.075908,1.457265,1.747193,0.000884
d,4.908524,0.143457,2.845505,0.001631
d,0.374109,1.117403,1.500500,0.004665
d,100.002724,0.639286,1.354429,0.003411
d,1.030060,0.588938,1.372108,0.004063
d,3674.665039,0.014581,2.025904,0.000381
d,147.448730,0.515953,0.841340,0.002881
d,1.956278,0.463886,2.804166,0.001113
d,76.634979,0.604182,1.009897,0.003227
d,0.451377,0.113196,2.534694,0.004060
d,168.534454,0.315530,0.837269,0.006884
d,-1.425422,0.609022,1.863533,0.002072
d,0.572446,0.286126,2.866944,0.008535
d,10.795905,0.679996,1.621086,0.004991
d,27.797552,0.479790,1.966831,0.001800
d,1.424953,0.391610,0.877285,0.006451
d,24.558723,0.210391,1.960881,0.007623
d,29.538183,1.541190,1.858865,0.000583
d,84.581276,0.791255,1.162635,0.001958
d,29.219919,0.719931,1.625035,0.005288
d,15.327548,0.660896,1.265831,0.002339
d,27.853148,0.799051,1.639204,0.002047
d,17.047045,0.693400,1.957537,0.002280
d,8.910204,0.757202,2.056464,0.003824
d,16.727848,0.993409,1.256752,0.002567
d,-1.735298,1.584900,3.039351,0.001985
d,38.514675,0.574483,1.486428,0.004285
d,1.384810,0.609905,1.389064,0.002664
d,2251.374512,0.027257,2.119638,0.000542
d,-0.236624,1.514243,2.097932,0.002811
d,113.286751,0.562887,1.453134,0.002590
d,0.856963,1.445350,2.184464,0.004001
d,1.262254,1.693066,1.794016,0.002460
d,2408.169434,0.062415,2.017114,0.000871
d,8.005421,0.582700,1.255081,0.004260
d,4.606107,0.407348,2.052956,0.009723
d,25.881786,0.745194,1.210222,0.003813
d,7.865150,1.033320,2.025221,0.002814
d,4.655322,1.207478,1.674913,0.002961
d,6.789675,0.370886,2.093421,0.004200
d,0.286554,0.682642,1.642174,0.008898
d,14.943458,0.359372,1.959059,0.003791
d,44.112309,0.487101,1.362133,0.005081
d,181.812180,0.357984,1.402012,0.003897
d,0.139626,1.357017,2.131002,0.001114
d,0.525170,1.264373,1.809874,0.006377
d,10.891369,0.774085,1.272572,0.002582
d,45.889252,1.179220,1.599838,0.001933
d,107.504135,0.673939,1.864321,0.001469
d,2.334081,0.857528,1.677492,0.002691
d,57.233906,0.813948,1.303562,0.004821
d,117.083809,0.512346,1.479610,0.004560
d,3.915526,0.324293,1.738101,0.005893
d,405.963196,0.220998,0.980716,0.004873
d,102.673248,0.518470,1.377190,0.001326
d,25.063267,0.653445,1.690123,0.005304
d,-0.564705,1.123387,1.877442,0.003748
d,32.363941,1.223080,1.348040,0.003323
d,11.753946,0.727810,1.484233,0.003306
d,10.257219,0.630489,2.057759,0.004189
d,91.885498,0.359713,1.222931,0.007843
d,32.861794,0.514221,1.680041,0.003061
d,133.382889,0.532495,1.233679,0.004917
d,-0.031276,0.445663,2.199636,0.003151
d,58.953823,0.294711,1.738797,0.002265
d,4.928815,0.554384,1.748164,0.007796
d,607.395996,0.182083,1.441473,0.002282
d,79.663750,0.646057,1.119607,0.007972
d,-0.338577,0.873639,2.518515,0.000844
d,5.907643,0.503564,1.876918,0.007468
d,-2.051491,0.270799,1.682527,0.015395
d,2.313523,1.206352,2.099015,0.003072
d,1.208483,0.965012,2.540387,0.001469
d,0.037394,2.018514,1.801100,0.000202
d,0.754841,1.416956,2.519410,0.001694
d,123.251549,0.523453,0.950405,0.004768
d,44.332043,1.060338,1.567351,0.000846
d,51.735477,0.542545,1.314525,0.003941
d,0.213378,1.774831,2.370890,0.002732
d,11.239635,0.708936,1.717333,0.002970
d,30.164387,0.671393,2.148555,0.000787
d,-3.330023,1.156254,2.235323,0.004456
d,20.372931,0.910233,2.065384,0.000487
d,-0.636194,1.016134,3.287264,0.002559
d,5.008716,0.536603,1.799436,0.006646
d,36.398842,0.451880,1.997765,0.002493
d,28.314852,1.477759,0.854315,0.003433
d,3.554411,0.755115,1.970837,0.006342
d,21.977571,0.767922,2.350947,0.002077
d,96.119469,0.436502,1.735553,0.005616
d,50.369007,0.911084,0.980161,0.003652
d,8.587025,0.975615,1.935108,0.002869
d,15.528939,1.215016,1.740348,0.003115
d,3.444127,1.245870,1.771288,0.004782
d,3.443518,1.425414,1.814674,0.003273
d,217.765701,0.472453,1.710767,0.001935
d,35.640118,1.339188,1.214859,0.001393
d,2.955219,0.301451,1.169543,0.006206
d,0.488142,0.713533,2.587304,0.000849
d,932.139526,0.058810,1.627228,0.005398
d,171.150650,0.359432,1.124520,0.005295
d,126.217751,0.577237,1.890151,0.001131
d,3116.416504,0.015158,2.145796,0.000942
d,19.949228,0.705017,1.461569,0.001510
d,4.108472,0.479719,2.581619,0.000454
d,0.699255,0.976240,1.245108,0.005019
d,0.302105,1.582788,2.127261,0.002290
d,28.057121,0.643634,1.447188,0.001019
d,75.548874,0.285373,1.647509,0.001115
d,-2.020508,0.484449,1.998279,0.006489
d,154.968872,0.443491,1.945761,0.001558
d,16.894838,0.132049,2.383910,0.003655
d,2.224098,1.084854,1.133043,0.001954
d,110.784836,0.331050,1.331977,0.007007
d,149.837540,0.120354,1.418550,0.003385
d,50.319527,0.408165,1.466579,0.006274
d,52.278835,0.474883,1.977263,0.005793
d,-0.553759,0.888980,4.380493,0.002332
d,-0.573488,0.942069,2.134166,0.001535
d,102.665016,0.462046,1.347504,0.003323
d,154.444717,0.497615,0.964721,0.002805
d,0.989122,2.237500,1.646755,0.003051
d,8.520833,0.113797,1.556731,0.000936
d,7.138134,0.133748,2.345823,0.002833
d,1.498639,0.839591,2.195239,0.004078
d,267.917114,0.223192,1.027960,0.004619
d,27.595165,1.074270,1.457198,0.003139
d,794.589478,0.152982,1.397999,0.001599
d,28.210995,0.640267,1.413539,0.002803
d,1.568909,0.662673,2.344178,0.009093
d,27.057171,0.417910,1.476112,0.003804
d,1.316576,0.786651,0.547923,0.003883
d,58.873821,0.309611,1.775238,0.003207
d,566.399231,0.233988,0.899256,0.005539
d,104.038513,0.578685,0.862906,0.006550
d,-2.214587,0.552379,1.639348,0.005007
d,166.579681,0.462422,0.829561,0.004022
d,12.173171,0.764774,1.427864,0.002900
d,2.386837,1.293999,1.773610,0.003132
d,4.454662,1.153287,2.327591,0.002154
d,92.553993,0.753427,1.136346,0.001633
d,96.256111,0.130703,1.754549,0.000905
d,-0.118627,0.629816,1.998009,0.004932
d,43.441105,0.681845,1.766575,0.006281
d,61.858578,0.555864,1.561995,0.005534
d,12.783344,0.125784,2.283209,0.003343
d,22.754436,0.743213,1.468462,0.000891
d,1.155232,0.642356,1.410102,0.002796
d,-0.748434,1.243920,2.365313,0.004119
d,-0.254888,0.029499,3.100520,0.000812
d,1.483435,0.587535,2.458410,0.005060
d,-0.659394,2.082694,2.921302,0.003831
d,82.601906,0.589530,0.999459,0.003502
d,1.250973,0.951352,2.314588,0.001105
d,107.044128,0.537313,1.232107,0.003660
d,63.490509,0.515042,1.405065,0.002662
d,7.326662,0.416875,1.996224,0.003566
d,126.887459,0.514153,1.504447,0.002784
d,-1.327058,1.426687,1.801098,0.003251
d,25.449997,1.417935,1.452648,0.001016
d,129.251907,0.397404,1.143286,0.005489
d,16.500229,1.431242,1.582965,0.001756
d,786.821289,0.192119,2.079495,0.000888
d,67.115089,0.637788,1.657857,0.002983
d,3.523968,1.080489,1.544703,0.004888
d,8.640827,0.853862,1.678478,0.003499
d,56.917858,0.458443,1.677964,0.004936
d,193.447357,0.507340,1.715118,0.001210
d,6.069064,1.008870,1.849391,0.004404
d,-0.183444,0.828508,1.402553,0.003491
d,-0.451031,0.306624,0.977462,0.002270
d,44.194355,1.009011,1.047123,0.002590
d,76.226372,0.236504,1.923860,0.003144
d,5.285351,0.802344,1.635381,0.004514
d,11.753717,0.489983,1.764344,0.003595
d,1396.804688,0.061353,1.931949,0.002039
d,5.708333,0.851623,1.672354,0.000814
d,13.504145,1.270677,1.449881,0.003845
d,64.468636,0.062384,2.076283,0.000430
d,159.946381,0.486917,0.978134,0.003082
d,5.134586,0.509099,1.640648,0.001364
d,20.119480,0.672874,1.462101,0.004175
d,7031.026855,0.021144,2.055479,0.000680
d,32.448570,0.029967,2.200456,0.007067
d,66.581161,0.973510,1.726938,0.001722
d,69.164795,0.614802,1.308807,0.002619
d,118.614632,0.676973,1.180735,0.002494
d,12.553195,1.038855,1.468773,0.003199
d,300.320496,0.231909,1.281510,0.006412
d,150.468826,0.465388,0.991239,0.003463
d,760.159607,0.184626,1.510808,0.002247
d,3.041127,0.740529,1.856390,0.002367
d,-4.054331,0.437514,1.518278,0.015919
d,180.931854,0.461716,1.237481,0.003175
d,157.276779,0.516431,1.462047,0.001155
d,31.174082,0.587035,1.634980,0.006240
d,6.741469,0.689664,1.912363,0.002208
d,-1.709694,0.071165,1.873548,0.011265
d,23.346865,0.808379,1.405504,0.006327
d,1.204471,0.888804,1.903212,0.002490
d,-0.261222,0.931229,2.533445,0.002233
d,0.432569,1.041978,1.010715,0.003450
d,27.466738,0.875236,1.705287,0.002731
d,1.581574,1.724743,1.941889,0.002178
d,0.646272,0.856915,1.706585,0.002076
d,835.961731,0.069499,1.792960,0.002465
d,-0.193498,1.953584,2.597208,0.002232
d,6.307075,0.472217,1.872966,0.004713
d,-0.231867,1.087591,0.670569,0.003279
d,39.585423,0.219942,0.609747,0.003400
d,57.285942,0.035285,2.123103,0.002406
d,722.140259,0.216591,1.970428,0.001122
d,3.230089,0.558105,2.222302,0.008481
d,24.651106,0.305451,2.060668,0.012577
d,44.981167,0.787933,1.973755,0.002412
d,-0.417755,2.295148,1.557864,0.000601
d,32.163425,0.672836,1.740915,0.003468
d,-0.036055,1.709814,2.237203,0.003335
d,20.212425,0.637589,1.552515,0.005098
d,49.080929,1.139393,1.300424,0.002530
d,2.271087,0.867188,2.250057,0.003878
d,659.092102,0.138247,2.190812,0.000638
d,77.819542,0.475376,1.244429,0.005622
d,1898.040527,0.055353,2.019730,0.000379
d,4.030093,0.770017,1.567780,0.003876
d,1.547722,0.431284,3.562802,0.007368
d,41.424213,0.544900,1.696907,0.005302
d,26.885124,0.156656,1.729625,0.006247
d,159.456985,0.410374,1.123255,0.006304
d,1420.877319,0.021621,1.213950,0.000408
d,10.064126,0.498099,2.203640,0.008812
d,66.029404,0.566752,1.140255,0.006153
d,591.669983,0.052510,2.480467,0.000807
d,0.752860,0.824494,1.839353,0.003501
d,6.159698,0.575840,1.671989,0.002860
d,52.777523,1.084792,1.571979,0.001168
d,118.196732,0.568417,2.045200,0.003019
d,53.387527,0.568016,1.418666,0.007393
d,76.140823,0.619721,1.682552,0.004252
d,83.445747,0.184839,1.648039,0.004601
d,192.285889,0.213013,1.004128,0.005006
d,44.088718,0.630313,1.711652,0.005560
d,94.573425,0.679406,1.006364,0.004164
d,9.850246,0.991284,1.686730,0.003241
d,76.738655,0.518839,1.389523,0.002941
d,40.568783,0.658864,1.050204,0.004971
d,696.359863,0.177535,2.019814,0.002184
d,0.282389,1.517933,2.806036,0.002330
d,8.895773,0.911247,2.015705,0.004441
d,75.653046,1.036568,1.841663,0.000599
d,5.326159,0.267346,2.072505,0.006250
d,6.016376,0.887151,1.948833,0.000532
d,3.755254,0.567593,1.774786,0.001961
d,-0.342585,0.343699,3.568678,0.005949
d,24.430643,0.605828,1.528932,0.005859
d,0.465258,1.637678,1.515771,0.001876
d,9.199379,0.507279,1.746287,0.001753
d,242.492249,0.247107,1.064364,0.002133
d,7.726337,0.120359,2.424250,0.005327
d,14.023705,0.633339,1.287452,0.001353
d,778.532104,0.078266,1.835987,0.002239
d,28.948088,0.387320,1.366086,0.004464
d,11.198236,0.683018,1.745267,0.004131
d,121.783989,0.518374,1.160250,0.004448
d,43.245548,0.425404,1.274247,0.007363
d,0.601766,0.993478,2.047691,0.001711
d,2.878575,1.099451,2.093577,0.003537
d,194.425079,0.488521,1.638382,0.002881
d,20.612791,0.894437,1.389834,0.001975
d,0.224400,1.048304,3.093146,0.009960
d,-2.066763,1.124509,2.436452,0.004382
d,-1.240850,1.655888,1.989943,0.001583
d,84.421356,0.047104,2.416845,0.001444
d,76.775604,0.716850,1.075178,0.004709
d,383.434296,0.139529,2.047583,0.001253
d,1450.144897,0.098656,1.115544,0.003557
d,288.499664,0.387857,1.714820,0.001889
d,-3.165512,0.769233,1.808094,0.006293
d,261.573486,0.059359,2.002310,0.000996
d,357.200104,0.325671,1.555427,0.003152
d,9.922967,0.413745,1.923037,0.005431
d,-0.223764,1.654838,1.920234,0.001511
d,-0.521209,0.593843,2.059668,0.006634
d,6.287270,0.464331,2.197624,0.002047
d,0.307238,1.003066,2.622904,0.000133
d,-0.055426,1.256976,1.904025,0.003339
d,2.721591,0.754103,3.019175,0.004051
d,9.826005,0.933364,1.867003,0.002928
d,-1.331256,0.877513,2.713483,0.004207
d,8.706585,1.273249,1.718820,0.002410
d,0.564953,2.166405,2.489742,0.004659
d,90.469627,0.550278,1.151713,0.004408
d,0.528128,0.739430,1.801549,0.008919
d,44.000530,0.966667,1.886995,0.003204
d,32.418983,1.197262,1.039834,0.001788
d,-0.495154,0.273935,3.745061,0.005029
d,2.781374,0.651331,1.951684,0.004705
d,-0.132650,2.280475,2.449380,0.001423
d,-1.298403,0.503051,1.829875,0.007226
d,254.923462,0.065167,0.750134,0.005645
d,0.116932,0.345305,2.012588,0.003363
d,0.318064,3.202160,2.194740,0.001652
d,35.597435,0.270811,2.028633,0.003988
d,6.923490,1.880636,1.612767,0.002137
d,21.383184,0.821831,1.333672,0.006140
d,35.944481,0.457825,1.953877,0.001834
d,9.269307,1.148917,1.317668,0.002999
d,8.718746,1.516533,1.983575,0.000889
d,16.183582,0.051257,1.693345,0.003182
d,0.331141,0.568039,1.802716,0.010325
d,-2.203687,0.400659,2.596639,0.004972
d,12.284030,1.387477,1.446355,0.003969
d,0.205764,1.698996,1.569302,0.001569
d,10.640823,0.523310,1.797204,0.003144
d,-1.964510,1.565737,2.035170,0.002187
d,352.872925,0.023849,2.229404,0.001012
d,-0.003504,1.984712,1.601477,0.001304
d,-1.961509,0.931840,2.154808,0.003763
d,65.320137,0.627749,1.321729,0.003730
d,20.841551,1.146083,1.348961,0.002141
d,1471.692261,0.088283,1.452654,0.001876
d,93.569626,0.586291,1.496391,0.000965
d,-1.033757,0.661145,1.885492,0.003095
d,-0.698270,0.233385,1.900963,0.009178
d,615.976501,0.142420,1.196944,0.002886
d,48.520164,1.148682,1.496638,0.000840
d,0.717246,1.027992,2.294071,0.004017
d,26.674488,0.517285,1.662434,0.006727
d,-0.841103,1.078911,2.131083,0.002077
d,60.640350,0.713219,1.494558,0.004189
d,-1.082268,0.447300,2.117037,0.002690
d,9.005664,0.878983,2.167117,0.001494
d,289.096832,0.361929,0.960718,0.002601
d,1609.275146,0.095768,1.574074,0.002667
d,-0.531137,0.849267,1.882203,0.002559
d,3.555070,0.914778,1.407406,0.002073
d,15.568841,0.989838,1.970055,0.001798
d,4.023034,0.583396,1.633253,0.007613
d,13.442468,0.671377,1.767378,0.004629
d,7.853359,0.512870,1.505764,0.002549
d,76.037392,0.480029,1.581376,0.007176
d,102.381149,0.467203,1.735477,0.004235
d,4.535534,0.700581,0.378379,0.005295
d,51.117596,1.105845,1.077325,0.002258
d,17.761583,0.708556,1.743780,0.002711
d,8.183361,0.649328,1.323735,0.004209
d,2.825220,0.333905,1.928118,0.006280
d,7.595147,0.575075,1.585838,0.004517
d,284.198303,0.382210,1.268129,0.002725
d,726.925781,0.213806,1.481586,0.001484
d,20.888815,0.903067,1.523338,0.001861
d,0.961977,1.397142,2.745341,0.001075
d,96.491539,0.577818,1.317224,0.005417
d,0.280503,1.649924,0.828137,0.003395
d,3.267780,1.045590,1.923376,0.003542
d,13.025842,0.673308,1.013787,0.001632
d,205.559387,0.016861,2.522743,0.001323
d,52.116344,0.897862,1.737924,0.001885
d,5.871173,0.357618,0.992432,0.007642
d,6.934306,0.156968,2.451515,0.003975
d,106.997063,0.632396,0.979987,0.003247
d,13.326579,0.973671,1.643599,0.001546
d,50.895058,1.006937,1.469721,0.001622
d,20.977163,0.478522,1.411508,0.006306
d,-1.123641,0.476140,1.691165,0.006306
d,6.520308,0.338326,1.888167,0.008902
d,-0.256153,1.495138,1.076215,0.002193
d,12.746216,0.844745,2.125205,0.000726
d,47.021244,0.397960,1.937278,0.005730
d,11.629676,1.197450,1.471053,0.001810
d,33.946770,0.305754,1.346753,0.009285
d,-4.535772,1.586136,1.838713,0.003243
d,97.236542,0.484420,1.199784,0.006467
d,47.697777,1.450748,0.921575,0.003302
d,17.121731,0.438071,1.367133,0.007061
d,140.268997,0.106328,1.700029,0.002232
d,29.024612,0.368974,1.427219,0.006244
d,0.953294,1.930782,0.842069,0.001770
d,323.454376,0.166328,1.396822,0.002877
d,30.786589,0.884641,1.645028,0.004059
d,102.329269,0.383442,1.353138,0.005186
d,25.449997,1.417935,1.452648,0.001016
d,-0.819565,1.030933,2.004116,0.003540
d,142.102600,0.500035,1.708197,0.002308
d,61.243061,0.720860,0.937193,0.003838
d,34.763191,0.958148,1.978481,0.001851
d,8.281116,1.320659,2.001001,0.002211
d,48.712872,1.268524,1.300071,0.002056
d,11.358504,0.351409,1.993590,0.007435
d,3.970700,0.484345,2.263724,0.000733
d,405.103943,0.304801,1.542362,0.002314
d,40.071621,1.030302,1.623529,0.002115
d,5.454031,0.743472,1.971491,0.001646
d,17.453930,0.449482,1.703882,0.003253
d,2.608554,0.561588,2.317064,0.002752
d,907.175354,0.162673,1.537049,0.003700
d,50.534309,0.643043,1.185662,0.003607
d,8.892282,0.442485,2.085677,0.008554
d,18.747824,0.907971,1.978293,0.003408
d,999.334167,0.035654,2.073483,0.000916
d,1.228069,0.639382,1.850605,0.002458
d,5.937929,0.663917,2.081122,0.005134
d,126.112267,0.502667,1.229541,0.004199
d,6.717083,0.430555,1.978492,0.004587
d,380.709961,0.014459,1.086270,0.000803
d,1.849639,1.432294,2.168050,0.000729
d,39.939430,0.425153,1.859922,0.006434
d,0.839107,0.480266,3.386020,0.004652
d,15.432825,0.744465,1.400780,0.003226
d,3.842445,2.011420,1.529697,0.002873
d,103.683891,0.100704,2.263646,0.002322
d,-4.662327,0.975731,2.748129,0.005020
d,338.749603,0.275761,1.245084,0.003542
d,29.624392,0.782033,1.483554,0.000875
d,126.081551,0.577169,1.491169,0.001634
d,119.132050,0.433714,1.398914,0.003074
d,67.716461,0.752824,1.243595,0.003686
d,30.758158,0.636064,1.703458,0.005895
d,-1.678624,0.176795,4.016345,0.006632
d,0.335842,0.856424,2.473205,0.003221
d,101.824478,0.966062,1.569947,0.001239
d,568.129761,0.073398,1.867588,0.000518
d,8.919732,0.600448,1.715431,0.005436
d,0.053741,5.177978,3.905994,0.001609
d,-0.797186,0.771566,1.952694,0.001000
d,17.580278,0.168659,1.637792,0.003320
d,6397.731934,0.021767,2.054164,0.001303
d,34.862259,0.940080,1.432854,0.001282
d,4.328191,1.468492,1.617381,0.001895
d,177.779129,0.393582,1.086127,0.002868
d,317.778290,0.233217,1.705706,0.001415
d,93.840385,0.387884,1.536788,0.011367
d,119.670288,0.417879,1.095239,0.004102
d,-1.205341,1.182077,2.330316,0.000340
d,14.779302,0.358593,2.256812,0.002714
d,28.146175,1.284007,1.663686,0.002730
d,0.143416,1.490149,1.505938,0.000485
d,71.341087,0.612843,1.130075,0.005258
d,103.143791,0.666052,1.163396,0.003121
d,3.157968,1.401941,1.448322,0.002689
d,83.713417,0.429457,1.439090,0.005031
d,348.970856,0.349321,1.637944,0.001514
d,576.101929,0.024714,1.855976,0.003966
d,13.186579,0.582832,2.151095,0.007682
d,89.539062,0.833721,0.964248,0.002862
d,874.469849,0.121922,1.952870,0.000977
d,92.018570,0.049636,2.133438,0.000993
d,317.533722,0.077656,2.046554,0.001169
d,8.281116,1.320659,2.001001,0.002211
d,1.743661,0.617723,2.098445,0.001750
d,4.824988,1.040689,1.589095,0.003783
d,3.576411,0.574329,2.079895,0.001672
d,127.094292,0.329612,1.085304,0.007819
d,25.382740,1.115465,1.315846,0.003169
d,116.291565,0.485207,1.045855,0.004336
d,62.662506,0.882094,1.043434,0.004450
d,0.436774,1.931731,2.082294,0.001494
d,12.580275,1.561042,1.893113,0.000919
d,97.023666,0.187855,1.220334,0.002733
d,119.598083,0.418189,0.979949,0.006414
d,57.586002,0.684943,1.224913,0.002079
d,40.067551,0.397186,1.984256,0.001547
d,36.340199,0.521909,2.039872,0.001665
d,-0.297114,2.315008,3.041992,0.001339
d,1.099828,0.326248,1.309148,0.002891
d,10.119342,0.443666,1.989730,0.010080
d,117.937393,0.312781,1.279675,0.011335
d,1337.252075,0.006827,1.063361,0.001986
d,69.903496,0.529802,1.618562,0.005277
d,107.653717,0.532184,1.354716,0.002325
d,2.045045,0.992928,1.675002,0.003039
d,56.730644,1.153384,1.115025,0.002141
d,4.794922,0.847438,1.492466,0.003093
d,31.492058,0.033007,1.412043,0.001250
d,10.538618,1.136717,1.234224,0.004852
d,7.068650,0.663903,1.357366,0.006380
d,7.982489,0.122186,1.997743,0.004993
d,36.816219,0.467101,1.796563,0.011332
d,6.697419,1.086489,1.898440,0.003466
d,81.722260,0.825308,1.715222,0.001567
d,136.489655,0.384884,1.034383,0.003064
d,73.304398,0.592068,1.432449,0.002101
d,23.863770,0.544804,1.510496,0.007244
d,22.494831,1.058340,1.361132,0.003630
d,143.438034,0.440000,1.328576,0.003866
d,0.784020,0.674020,2.445518,0.005567
d,41.330761,1.061519,0.969899,0.003569
d,153.018921,0.378768,1.482455,0.003820
d,68.199158,0.924244,1.209959,0.000964
d,72.779259,0.587119,1.553383,0.003506
d,13.241526,0.770954,1.412086,0.005759
d,-1.432527,0.692943,1.624259,0.006234
d,1317.133789,0.122357,1.816933,0.003797
d,7.240618,0.603853,2.051037,0.001299
d,6.331706,0.739721,1.688163,0.005200
d,0.003051,1.751769,2.169080,0.003884
d,-1.039575,1.050483,1.639894,0.003048
d,3.933321,0.728258,2.299031,0.001947
d,67.265808,0.816284,1.049274,0.002633
d,28.275875,1.275728,1.206032,0.002543
d,1969.613037,0.073943,1.888945,0.000981
d,0.635621,0.586948,1.175231,0.001544
d,1.016713,0.906636,1.789729,0.003649
d,122.809502,0.475025,1.344278,0.004918
d,1.172076,0.520496,2.782557,0.010310
d,68.429626,0.678040,1.326182,0.002394
d,3.136280,1.267534,1.634805,0.002905
d,13.902717,0.411132,1.465700,0.001700
d,33.731194,0.058412,3.212695,0.001677
d,-1.326236,0.308742,1.925013,0.003125
d,12.647701,0.524317,2.103231,0.002920
d,1.090692,0.518788,2.025460,0.005110
d,137.286636,0.479036,1.332496,0.004749
d,58.599674,0.349048,1.146326,0.007114
d,0.957085,0.631976,1.004595,0.002231
d,0.189245,2.499700,1.732468,0.001140
d,418.905670,0.335187,2.037162,0.001197
d,4227.799316,0.018718,2.022024,0.000859
d,0.035297,15.352911,4.176371,0.000408
d,528.627563,0.029171,2.094804,0.001425
d,56.949097,0.151378,2.146828,0.001915
d,-0.583647,1.663273,1.863362,0.002089
d,102.112923,0.546679,1.475089,0.004375
d,0.819710,1.837635,1.826236,0.002567
d,2.000639,0.576728,1.095412,0.003230
d,37.317886,0.794344,1.582563,0.002384
d,1.301471,0.232453,2.455487,0.001074
d,0.574615,0.290923,1.453732,0.003045
d,6734.655273,0.020316,2.023866,0.000577
d,23.416245,0.493467,1.271787,0.003617
d,10.610956,0.760462,1.733493,0.005921
d,5.248762,0.440812,1.752455,0.007969
d,3.447603,0.488350,2.048662,0.001414
d,53.215801,0.559336,1.673596,0.001643
d,10.196922,0.499200,1.949757,0.004360
d,70.875549,0.650520,1.458866,0.000530
d,0.538616,0.800450,1.988298,0.004599
d,516.767578,0.107501,2.013893,0.001285
d,4941.282227,0.027540,1.939795,0.001051
d,35.556335,0.646362,1.366290,0.003755
d,6.212344,0.122161,3.506919,0.006565
d,3.598957,0.243778,1.507454,0.003181
d,151.901566,0.360228,1.244040,0.005496
d,23.094189,0.471071,1.143153,0.005564
d,333.192535,0.174748,2.023471,0.000441
d,68.241562,0.259378,1.521126,0.011806
d,189.738678,0.587128,1.960745,0.000733
d,67.896240,0.688653,1.356723,0.002435
d,556.642517,0.108216,1.836451,0.001255
d,-2.376405,0.575368,2.255881,0.004722
d,268.358490,0.066293,2.002248,0.002017
d,65.380936,0.643199,1.050535,0.003401
d,63.578964,0.445524,1.441086,0.003696
d,-1.263684,0.760569,2.786121,0.001894
d,10.012285,1.374223,1.740141,0.001584
d,2.013355,0.742495,2.182149,0.000610
d,61.051266,0.773653,1.666627,0.002631
d,36.080616,0.525962,1.031047,0.006496
d,112.004608,0.031109,2.267598,0.000934
d,5.636550,1.380175,2.231349,0.002948
d,211.079529,0.420414,1.657493,0.001746
d,2.466400,1.076813,1.396115,0.002282
d,15.775457,0.638516,2.107070,0.003810
d,0.290133,0.629269,2.542567,0.000569
d,31.030615,0.648206,1.563631,0.003233
d,1.694395,2.063709,0.944402,0.001203
d,3962.463623,0.019328,2.029866,0.000847
d,209.892059,0.390337,0.910596,0.004635
d,1.779113,0.321127,3.249079,0.006736
d,37.384647,0.742317,1.629911,0.005796
d,1.739847,0.675203,1.524320,0.003432
d,-1.064242,1.305749,3.297842,0.004399
d,1.866242,0.407067,2.925704,0.002729
d,8.061722,0.044369,2.241834,0.020248
d,108.751389,0.548505,1.397678,0.003575
d,117.083389,0.379476,1.211922,0.004459
d,291.231537,0.185742,1.340002,0.007724
d,-1.774889,0.648763,2.066774,0.005739
d,44.995266,0.467772,1.277001,0.006797
d,24.150553,1.344104,1.708343,0.000865
d,17.342108,0.586676,1.882040,0.002017
d,18.581566,0.311615,2.069250,0.010538
d,177.418579,0.456718,0.903670,0.004446
d,0.157551,3.021968,2.886941,0.001442
d,6537.527832,0.019325,2.001903,0.000765
d,126.479172,0.580167,1.021571,0.001587
d,143.194290,0.452171,1.161846,0.006876
d,1.502225,0.573354,1.441777,0.006515
d,4.629579,0.767769,1.962655,0.002449
d,129.495682,0.207215,1.452703,0.001225
d,5.121085,0.228005,1.187711,0.001922
d,18.279181,1.008095,1.963098,0.002051
d,2.176838,2.486884,2.230388,0.001788
d,-0.055279,1.347190,1.534986,0.002011
d,-0.464774,1.481128,1.832067,0.001812
d,73.071198,0.541543,1.177929,0.007296
d,693.898682,0.142608,1.866122,0.004309
d,0.618099,0.137174,2.471935,0.005628
d,-3.625863,0.914113,2.052992,0.003518
d,187.962891,0.167305,1.284661,0.003670
d,48.649658,0.296509,1.604163,0.003773
d,0.071671,1.320394,1.001530,0.002357
d,0.248607,0.976262,3.107442,0.003037
d,8.032780,0.551203,1.881745,0.010802
d,2.030075,0.465303,1.517155,0.007801
d,145.658630,0.514880,1.000987,0.003427
d,10.019364,0.045110,2.626693,0.001208
d,88.382690,0.720374,1.646287,0.001372
d,105.943268,0.544928,1.284738,0.003916
d,34.901501,0.874082,1.328770,0.002081
d,9.936391,1.594168,1.490677,0.001693
d,255.009766,0.155888,2.150112,0.004608
d,1.612555,0.839468,1.686710,0.004193
d,0.419409,1.788840,0.907720,0.002381
d,2.309338,0.109638,1.717912,0.010875
d,104.087372,0.493501,1.250144,0.003582
d,-0.197004,2.488893,1.882049,0.001839
d,172.646805,0.528949,1.639428,0.001380
d,-0.179758,1.231849,2.166629,0.002780
d,244.304077,0.457177,1.689001,0.001338
d,318.923279,0.256337,1.288327,0.001855
d,23.145350,1.258250,1.618326,0.002144
d,36.466709,0.768489,1.742556,0.004215
d,77.371658,0.437244,1.354533,0.004337
d,10.081717,0.964002,1.619749,0.004668
d,20.772579,0.228118,2.208557,0.001717
d,124.263878,0.690684,1.290072,0.001549
d,-0.648435,1.032292,1.625913,0.001608
d,-0.316233,0.777538,3.246618,0.004091
d,27.272501,0.619060,1.476979,0.006444
d,9.330977,0.727892,1.821263,0.004598
d,6.282448,0.337804,1.806140,0.004348
d,-1.311893,0.471335,4.034387,0.005627
d,45.858257,0.901695,1.207669,0.001506
d,5.863605,0.773946,2.010839,0.004120
d,6.718360,0.466593,2.139763,0.002401
d,-0.224583,7.906031,2.908895,0.000130
d,51.464226,1.188867,2.005924,0.001479
d,0.218810,3.163965,2.160150,0.000174
d,-2.093000,1.434707,2.119508,0.000570
d,4.035371,0.114228,2.402270,0.007472
d,0.208086,0.516514,2.319965,0.005201
d,12.182290,1.236634,1.073179,0.002088
d,41.284809,0.932144,1.257619,0.003618
d,0.202479,0.407047,1.959054,0.002843
d,9.831913,0.393848,1.929259,0.001747
d,22.423819,0.412000,1.958703,0.009958
d,90.118851,0.569781,1.634709,0.005151
d,2.526608,1.420251,1.603108,0.001764
d,-0.073558,1.152615,1.757974,0.003996
d,48.507099,0.616200,1.445085,0.004900
d,27.840124,0.396147,1.856667,0.004687
d,-2.268996,0.764875,1.723427,0.002941
d,0.069261,1.384537,1.708094,0.001317
d,-0.807403,1.827406,1.953977,0.002753
d,-0.616414,1.527601,1.946788,0.002987
d,2.401214,1.346239,2.016784,0.002206
d,13.705008,0.231687,1.491479,0.009504
d,509.968140,0.119785,0.427459,0.025666
d,59.862026,0.846675,2.066431,0.002334
d,95.218994,0.313779,1.739560,0.003615
d,1213.653320,0.110072,1.912432,0.000650
d,263.968597,0.220745,2.074214,0.000500
d,91.687454,0.021871,3.562312,0.000199
d,-0.969438,0.518890,3.512765,0.011923
d,55.436253,0.967669,1.263687,0.004217
d,29.655293,0.668280,1.416305,0.004596
d,1.920536,1.020002,1.814744,0.003607
d,90.870361,0.733005,1.035867,0.001838
d,1.177635,0.712983,1.749325,0.007124
d,48.126984,0.463180,1.432450,0.006961
d,10202.976562,0.014540,1.979248,0.000701
d,89.700790,0.559202,1.544739,0.005877
d,482.760193,0.091219,1.976731,0.007107
d,-0.122264,2.933375,3.365484,0.000701
d,14.973349,0.617002,1.921171,0.004129
d,1.650083,1.150386,1.680358,0.002081
d,1940.028931,0.071639,1.618050,0.002240
d,16.124046,0.500963,2.155442,0.002874
d,342.547455,0.125713,1.728331,0.008040
d,156.365524,0.465067,1.239866,0.002989
d,5.897803,0.211027,1.895624,0.012117
d,976.586975,0.138671,1.471845,0.001841
d,41.351059,1.110029,1.168552,0.001335
d,31.294567,0.956008,2.068359,0.001925
d,20.638083,0.752952,1.837219,0.007909
d,59.284222,0.949735,1.091712,0.001834
d,13.528062,0.817693,1.435288,0.001602
d,7.969799,0.822273,1.318776,0.003868
d,176.869522,0.382482,0.996547,0.002687
d,40.323036,1.021135,1.504517,0.001350
d,714.852234,0.177298,1.982539,0.000399
d,12.896233,0.421891,1.911138,0.004073
d,55.974182,0.486326,1.405380,0.001354
d,83.582260,0.221123,2.012830,0.003777
d,74.212967,0.411468,0.895908,0.004334
d,111.011208,0.693802,1.774177,0.002334
d,347.957001,0.333562,1.171576,0.005022
d,14.812091,0.828638,1.839669,0.005229
d,54.313599,0.050102,2.358052,0.005506
d,25.882601,0.633521,1.375474,0.007977
d,6.084376,0.691950,2.037664,0.005359
d,1.036282,0.422182,1.816204,0.005785
d,15.365784,0.425828,1.580112,0.004552
d,53.325302,0.577583,1.287976,0.004206
d,0.835621,0.568773,2.319041,0.007659
d,11.627585,1.608854,1.207857,0.002520
d,17.991255,0.975772,1.915094,0.001256
d,125.708817,0.554525,0.977709,0.002622
d,13.965785,0.210970,2.582274,0.003079
d,3.738110,0.139684,2.538250,0.002799
d,0.069346,1.513181,1.697319,0.000973
d,0.261961,2.313812,2.186934,0.002636
d,12.574873,0.730290,2.320000,0.002477
d,60.245056,0.717217,1.331412,0.001844
d,4.220306,1.340962,1.730558,0.002384
d,33.947582,0.379676,2.102510,0.003252
d,0.074742,2.384248,2.715191,0.001916
d,181.039871,0.132871,1.807051,0.001026
d,16.835613,0.059969,4.499983,0.000216
d,-7.358268,1.143398,2.696490,0.006465
d,6.603684,0.118776,2.897038,0.004762
d,140.608154,0.574402,1.497739,0.003003
d,28.075850,0.537856,1.682077,0.004569
d,4.788535,1.209496,1.682618,0.002811
d,57.088245,0.304265,1.385246,0.003367
d,9.939346,1.426882,1.481106,0.001439
d,310.380402,0.285558,1.857762,0.002079
d,36.935017,1.409943,1.109335,0.001605
d,16.732058,0.978731,1.514438,0.001984
d,35.451180,0.794459,1.607035,0.001022
d,-1.116620,1.035938,2.678098,0.002172
d,0.294045,0.994845,1.937056,0.006547
d,159.860611,0.251213,1.595758,0.002203
d,22.995434,0.445690,2.054213,0.002488
d,0.102948,7.224382,1.976340,0.000293
d,87.249222,0.879716,1.367702,0.001899
d,-6.185004,0.385252,2.539199,0.005848
d,27.518084,1.270185,1.178932,0.001192
d,4.452508,0.748166,2.210796,0.004173
d,734.894287,0.081608,2.009089,0.001324
d,48.772785,0.668669,1.468413,0.003378
d,13.153924,0.656310,1.681539,0.003043
d,112.676933,0.345142,1.315822,0.009062
d,5.303051,0.810945,1.511006,0.002333
d,0.151984,0.672465,2.355628,0.005926
d,80.537994,0.667689,1.523976,0.004508
d,3.660339,0.577880,2.272587,0.004331
d,137.735870,0.488270,1.338024,0.004855
d,27.317802,1.175058,1.683874,0.003994
d,-0.041240,0.657261,2.539784,0.001500
d,35.967480,0.944808,1.647817,0.001935
d,-0.787532,0.489594,3.282203,0.002801
d,574.035583,0.229458,2.098506,0.003508
d,26.392925,0.021399,1.167484,0.000581
d,173.326569,0.389960,1.651953,0.003543
d,2344.245117,0.061193,1.742377,0.003191
d,136.797638,0.477826,1.324079,0.002451
d,38.236343,1.049189,1.461823,0.002016
d,31.290527,0.537621,1.485821,0.005467
d,131.516586,0.531406,0.972877,0.003582
d,70.681305,0.416497,1.345217,0.007937
d,0.235314,0.661133,1.849455,0.002767
d,0.732940,1.626711,1.856968,0.002698
