# Cluster_name, RA, Dec, l,b,Dist,Mod,EB-V,Age,ST,Z,Diam,Fe_H,MRV,pm_RA,pm_Dec
NGC 2627,08 37 15,-29 57 18,251.583,6.651,2034,11.81,0.086,8.566,,235.6,8.0,,,,
ESO 456-05,17 53 02,-29 53 36,0.009,-1.877,,,,,,,0.8,,,,
NGC 2533,08 07 04,-29 53 00,247.800,1.310,3379,12.79,0.047,8.876,,77.3,5.0,,,,
NGC 6360,17 24 27,-29 52 18,356.728,3.130,,,,,,,5.0,,,,
Czernik 32,07 50 30,-29 51 00,245.890,-1.732,4100,15.70,0.85,9.00,,-120,3.0,,,,
Blanco 1,00 04 07,-29 50 00,15.572,-79.261,269,7.18,0.010,7.796,B5,-264.3,70.0,+0.23,,+20.17,+3.00
ESO 430-09,08 02 24,-29 46 36,247.168,0.512,,,,,,,0.8,,,,
NGC 2571,08 18 56,-29 45 00,249.106,3.532,1342,11.06,0.137,7.488,B8,82.7,8.0,,,-3.86,+6.40
BH 245,17 46 16,-29 42 00,359.421,-0.518,1000,16.97,2.25,7.17,,-9.0,1.0,,,,
Ruprecht 129,17 47 18,-29 37 00,359.609,-0.667,,,,,,,4.0,,,,
ESO 456-72,18 12 29,-29 34 36,2.360,-5.402,,,,,,,1.4,,,,
Ruprecht 2,06 41 01,-29 33 00,238.774,-15.075,,,,,,,3.0,,,,
Ruprecht 134,17 52 43,-29 33 00,0.270,-1.643,3400,14.21,0.50,9.00,,-97.5,5.0,,,,
Dutra-Bica 16,17 53 58,-29 31 42,0.427,-1.867,,,,,,,0.7,,,,
NGC 2587,08 23 25,-29 30 30,249.459,4.472,2700,14.57,0.10,8.70,,210.5,2.0,,,-4.30,-2.50
Haffner 7,07 22 55,-29 30 00,242.673,-6.804,,,0.10,8.00,,,3.0,,,,
Trumpler 26,17 28 33,-29 30 00,357.524,2.840,,,,,,,6.0,,,,
Ruprecht 3,06 42 07,-29 27 00,238.776,-14.815,,,,,,,3.0,,,,
ESO 447-29,14 37 27,-29 24 42,329.060,28.027,,,,,,,12.0,,,,
ESO 442-04,12 34 05,-29 24 36,298.409,33.309,,,,,,,11.0,,,,
Dutra-Bica 25,17 58 55,-29 23 42,1.083,-2.732,,,,,,,0.7,,,,
Dutra-Bica 13,17 55 21,-29 23 24,0.699,-2.057,,,,,,,0.7,,,,
ESO 437-61,10 48 03,-29 23 24,273.062,26.230,,,,,,,5.0,,,,
ESO 464-09,20 59 37,-29 23 12,15.924,-39.435,,,,,,,4.0,,,,
ESO 425-15,06 14 35,-29 22 30,236.371,-20.356,,,,,,,6.0,,,,
Collinder 347,17 46 18,-29 20 00,359.738,-0.334,1514,14.50,1.16,7.08,,-8.8,10.0,,,,
Terzan-Ju 20,17 33 30,-29 19 24,358.264,2.035,,,,,,,2.0,,,,
Ruprecht 131,17 49 15,-29 15 00, 0.14,-0.84,600,9.20,0.10,9.17,,-8.8,13.2,,,-0.40,-2.41
Dutra-Bica 14,17 54 39,-29 13 36,0.763,-1.843,,,,,,,0.8,,,,
Dutra-Bica 3,17 50 12,-29 12 18,0.287,-0.996,,,,,,,0.8,,,,
ESO 436-02,10 14 03,-29 11 24,266.207,22.238,,,,,,,5.0,,,,
Ruprecht 22,07 29 18,-29 11 00,243.043,-5.426,,,,,,,3.0,,,,
ESO 425-06,06 04 50,-29 10 54,235.395,-22.287,,,,,,,6.0,,,,
Collinder 187,08 24 13,-29 10 00,249.277,4.811,,,,,,,5.0,,,,
NGC 6476,17 54 02,-29 08 42,0.805,-1.704,,,,,,,,,,,
Dutra-Bica 24,17 55 30,-29 01 36,1.029,-1.902,,,,,,,0.9,,,,
ESO 435-09,09 55 33,-28 59 12,262.719,19.834,,,,,,,14.0,,,,
Ruprecht 43,07 59 16,-28 53 59,246.06,0.39,1300,11.41,0.27,8.47,,8.8,18.0,,,-3.57,-0.08
Dutra-Bica 10,17 50 18,-28 53 42,0.565,-0.856,,,,,,,0.6,,,,
Dutra-Bica 7,17 50 06,-28 53 12,0.549,-0.814,,,,,,,0.8,,,,
Dutra-Bica 11,17 50 24,-28 53 06,0.584,-0.869,,,,,,,1.0,,,,
Dutra-Bica 8,17 50 05,-28 52 42,0.555,-0.806,,,,,,,0.7,,,,
Dutra-Bica 12,17 50 16,-28 51 42,0.590,-0.832,,,,,,,0.8,,,,
Dutra-Bica 58,17 45 00,-28 51 36,359.994,0.155,,,,,,,0.9,,,,
Ruprecht 20,07 26 43,-28 49 00,242.451,-5.752,1208,10.72,0.10,8.50,,-121.1,5.0,,,,
Dutra-Bica 15,17 51 57,-28 48 54,0.818,-1.125,,,,,,,0.7,,,,
Dutra-Bica 4,17 47 06,-28 46 54,0.300,-0.197,,,,,,,0.6,,,,
Dutra-Bica 6,17 47 10,-28 46 24,0.315,-0.205,,,,,,,0.7,,,,
Dutra-Bica 5,17 47 07,-28 46 06,0.314,-0.193,,,,,,,0.4,,,,
Collinder 351,17 49 00,-28 44 09,0.555,-0.529,1310,12.76,0.70,8.20,,-12.1,7.0,,,,
Ruprecht 133,17 52 29,-28 40 00,1.005,-1.150,,,,,,,5.0,,,,
BH 261,18 14 05,-28 38 00,3.360,-5.264,,,,,,,1.5,,,,
Dutra-Bica 30,17 56 56,-28 37 18,1.537,-1.970,,,,,,,0.7,,,,
NGC 5998,15 49 34,-28 35 18,343.817,19.809,,,,,,,4.0,,,,
Ruprecht 44,07 58 51,-28 35 00,245.746,0.482,4730,15.29,0.619,6.941,,39.8,10.0,,,-2.86,+1.13
Dutra-Bica 32,17 59 35,-28 33 18,1.885,-2.441,,,,,,,0.9,,,,
ASCC 87,17 02 59,-28 27 00,355.15,8.02,900,10.58,0.26,8.52,,125.6,66.0,,,+0.89,-2.79
Ruprecht 168,17 52 46,-28 26 00,1.238,-1.085,820,12.86,1.06,9.30,,-15.5,4.0,,,,
Ruprecht 150,07 05 55,-28 25 00,240.015,-9.647,,,,,,,2.0,,,,
Haffner 14,07 44 51,-28 22 00,243.986,-2.050,,,,,,,10.0,,,,
ESO 435-48,10 09 35,-28 21 30,264.820,22.289,,,,,,,4.0,,,,
Dutra-Bica 28,17 53 29,-28 20 54,1.391,-1.178,,,,,,,1.6,,,,
Ruprecht 12,07 07 19,-28 13 11,239.97,-9.29,900,9.93,0.05,7.56,,-145.3,20.4,,,-3.77,+01.34
ESO 429-02,07 33 23,-28 11 12,242.591,-4.164,,,,,,,5.0,,,,
ASCC 43,07 53 06,-28 10 12,244.73,-0.39,1000,10.31,0.10,8.28,,-6.8,42.0,,,-4.40,+0.47
Trumpler 31,17 59 49,-28 10 00,2.248,-2.293,986,11.05,0.35,8.87,,-39.4,5.0,,,,
NGC 2527,08 04 58,-28 08 48,246.087,1.855,601,9.01,0.038,8.649,,19.5,10.0,,,-4.09,+6.40
Dutra-Bica 18,17 42 48,-28 06 30,0.381,0.961,,,,,,,1.6,,,,
Haffner 22,08 12 27,-27 54 00,246.775,3.377,,,,,,,6.0,,,,
NGC 2483,07 55 39,-27 53 42,244.791,0.239,1659,12.04,0.303,7.089,,6.9,7.0,,,,
NGC 6520,18 03 24,-27 53 18,2.881,-2.844,1577,12.33,0.431,7.724,,-78.2,5.0,,,+0.69,-2.65
ESO 432-03,08 42 53,-27 52 24,250.652,8.887,,,,,,,8.0,,,,
Dutra-Bica 31,17 50 50,-27 47 06,1.578,-0.388,,,,,,,0.8,,,,
Haffner 11,07 35 25,-27 43 00,242.395,-3.544,6100,15.70,0.57,8.70,,-377.1,5.0,,,,
Dutra-Bica 23,17 44 05,-27 40 00,0.906,0.952,,,,,,,0.9,,,,
ESO 494-09,07 59 16,-27 35 06,244.944,1.084,,,,,,,3.0,,,,
Collinder 468,18 06 36,-27 28 00,3.600,-3.250,,,,,,,10.0,,,,
Czernik 37,17 53 16,-27 22 00,2.213,-0.638,,,,,,,3.0,,,,
vdBergh 83,06 40 00,-27 19 00,236.560,-14.401,,,,,,,25.0,,,,
ESO 493-03,07 39 45,-27 17 36,242.494,-2.499,1400,11.04,0.10,8.60,,-61.3,18.0,,,0.44,2.31
Haffner 21,08 01 09,-27 13 00,244.850,1.633,2951,12.68,0.106,7.920,,84.1,3.0,,,-3.52,+1.93
NGC 2453,07 47 35,-27 11 42,243.275,-0.940,2150,13.04,0.446,7.187,B0,-35.3,4.0,,,,
AM 1353-265,13 56 21,-27 10 00,320.281,33.509,,,,,,,1.3,,,,
ESO 522-16,18 19 05,-27 07 48,5.214,-5.537,,,,,,,1.6,,,,
Ruprecht 53,08 10 48,-27 00 00,245.81,3.56,1700,11.49,0.11,8.59,,105.6,21.6,,,-1.11,+00.32
Ruprecht 41,07 53 49,-26 58 00,243.786,0.371,,,,,,,2.0,,,,
Ruprecht 57,08 15 05,-26 58 00,246.316,4.378,,,,,,,5.0,,,,
ESO 524-01,18 56 39,-26 57 48,9.063,-12.991,2800,13.17,0.30,9.51,,-629.4,6.0,,,,
Dutra-Bica 40,17 53 16,-26 46 54,2.717,-0.341,,,,,,,0.6,,,,
Ruprecht 49,08 03 15,-26 46 00,244.716,2.268,1823,12.11,0.259,7.930,,72.1,2.0,,,,
ESO 489-01,06 04 58,-26 44 00,232.928,-21.419,,,,,,,11.0,,,,
ESO 502-19,11 08 07,-26 43 48,276.027,30.688,,,,,,,3.0,,,,
Dutra-Bica 33,17 45 32,-26 41 48,1.902,1.183,,,,,,,0.8,,,,
Ruprecht 27,07 37 30,-26 31 48,241.58,-2.57,560,9.21,0.15,8.41,,-25.1,21.6,,,-3.65,+02.65
ASCC 32,07 01 58,-26 30 00,237.88,-9.61,750,9.62,0.08,8.18,,-125.2,60.0,,,-3.39,+1.97
NGC 2467,07 52 26,-26 26 12,243.172,0.378,1355,11.71,0.338,7.103,O5,8.9,14.0,,+66.00,-5.82,+1.63
Haffner 18,07 52 39,-26 23 00,243.151,0.447,6028,15.79,0.611,6.893,,47.0,2.0,,,,
Ruprecht 36,07 48 23,-26 18 00,242.593,-0.333,1681,11.64,0.166,7.606,,-9.8,5.0,,,,
Haffner 19,07 52 47,-26 17 00,243.081,0.524,5094,14.82,0.416,6.934,,46.6,2.0,,+68.00,,
Collinder 302,16 26 08,-26 15 00,351.583,15.733,,,,,,,500.0,,,,
Ruprecht 18,07 24 39,-26 13 00,239.928,-4.941,1056,12.29,0.700,7.648,,-91.0,7.0,-0.01,,,
Dutra-Bica 36,17 45 42,-26 12 54,2.333,1.402,,,,,,,0.7,,,,
Dutra-Bica 37,17 45 38,-26 12 12,2.335,1.421,,,,,,,1.1,,,,
Dutra-Bica 49,17 58 34,-26 06 54,3.890,-1.031,,,,,,0.9,,,,
ESO 486-54,05 20 11,-26 02 54,228.581,-30.681,,,,,,,5.0,,,,
ESO 485-20,04 50 04,-25 57 24,226.162,-37.144,,,,,,,5.0,,,,
Haffner 25,07 48 40,-25 57 00,242.323,-0.102,,,,,,,2.0,,,,
Ruprecht 42,07 57 36,-25 55 00,243.326,1.639,,,,,,,4.0,,,,
Trumpler 9,07 55 40,-25 53 00,243.072,1.285,2289,12.57,0.248,8.001,,51.3,5.0,,,,
NGC 6698,18 48 04,-25 52 42,9.255,-10.792,,,,,,,10.0,,,,
Ruprecht 13,07 08 03,-25 52 00,237.906,-8.102,,,,,,,5.0,,,,
ESO 518-03,16 47 04,-25 48 42,355.061,12.428,,,,,,,5.0,,,,
ASCC 95,18 16 04,-25 42 35, 6.15,-4.27,1500,11.87,0.32,8.04,,-111.7,38.4,,,-1.16,-1.94
NGC 2354,07 14 10,-25 41 24,238.368,-6.792,4085,14.01,0.307,8.126,,-483.1,18.0,,+33.4,-2.44,-2.96
Ruprecht 32,07 45 10,-25 32 00,241.566,-0.573,5346,15.19,0.50,7.08,,-53.5,5.0,,,,
Haffner 16,07 50 20,-25 28 00,242.097,0.467,3165,13.04,0.175,7.078,,25.8,5.0,,,-3.26,+0.99
Dutra-Bica 46,17 52 45,-25 25 18,3.829,0.450,,,,,,,0.6,,,,
Waterloo 3,07 55 06,-25 21 54,242.562,1.444,5200,14.63,0.34,,B2,131.0,2.0,,,,
Dutra-Bica 59,17 37 41,-25 15 00,2.201,3.445,,,,,,,1.9,,,,
Ruprecht 137,18 00 17,-25 14 00,4.848,-0.927,1450,12.88,0.67,8.90,,-23.5,5.0,,,,
ASCC 33,07 03 10,-25 02 59,236.67,-8.73,800,9.67,0.05,7.26,,-121.4,108.0,,15.00,-3.78,+3.78
Berkeley 75,06 48 59,-23 59 30,234.30,-11.12,9800,15.20,0.08,9.48,,-1890.1,3.0,-0.68,,,
NGC 2362,07 18 41,-24 57 18,238.179,-5.548,1389,11.01,0.095,6.914,O8,-134.3,5.0,,+42.2,-2.29,+3.03
Dutra-Bica 44,17 46 35,-24 53 24,3.569,1.920,,,,,,,0.8,,,,
Dutra-Bica 45,17 47 18,-24 53 12,3.656,1.783,,,,,,,1.5,,,,
Ruprecht 169,17 59 23,-24 46 00,5.151,-0.518,1390,12.76,0.66,9.00,,-12.6,3.0,,,,
ESO 520-20,17 43 36,-24 43 06,3.362,2.587,,,,,,,0.7,,,,
Ruprecht 136,17 59 18,-24 42 00,5.199,-0.469,,,,,,,3.0,,,,
Ruprecht 138,17 59 54,-24 41 00,5.282,-0.579,930,10.40,0.18,9.30,,-9.4,6.0,,,,
NGC 2448,07 44 34,-24 40 48,240.76,-0.26,1040,10.15,0.02,7.19,,-4.7,36.0,,15.00,-3.80,+04.69
Ivanov 6,07 24 14,-24 38 00,238.480,-4.283,,,,,,,4.5,,,,
ESO 521-38,18 09 25,-24 31 48,6.476,-2.389,1800,11.96,0.22,8.10,,-74.7,10.0,,,0.41,-2.71
ASCC 37,07 18 03,-24 28 47,237.69,-5.46,1600,11.02,0.00,8.73,,-152.2,19.2,,,-3.04,+0.81
Grasdalen 1,16 25 54,-24 27 00,352.641,17.349,,,,,,,2.0,,,,
Collinder 121,06 54 12,-24 25 00,235.702,-9.991,471,8.45,0.028,7.054,B3,-81.7,89.0,,+26.0,-5.68,+3.70
ESO 522-05,18 12 53,-24 21 48,7.001,-3.001,660,14.74,1.82,9.51,,-34.6,4.0,,,,
NGC 6530,18 04 31,-24 21 30,6.083,-1.331,1330,11.65,0.333,6.867,O5,-30.9,14.0,,-30.00,+0.58,-2.09
Ruprecht 29,07 41 18,-24 21 00,240.104,-0.744,,,,,,,5.0,,,,
NGC 2482,07 55 12,-24 15 30,241.626,2.035,1343,10.93,0.093,8.604,,47.7,10.0,+0.12,,-4.93,+1.60
Trumpler 6,07 26 25,-24 12 00,238.331,-3.641,1100,10.67,0.15,8.00,,-69.9,6.0,,,,
NGC 2352,07 13 05,-24 02 18,236.774,-6.263,,,,,,,6.0,,,,
ESO 486-45,05 16 43,-24 02 12,226.072,-30.809,,,,,,,3.0,,,,
Trumpler 7,07 27 22,-23 57 00,238.213,-3.332,1474,11.67,0.266,7.430,,-85.7,5.0,,+34.00,,
NGC 2447,07 44 30,-23 51 24,240.039,0.135,1037,10.22,0.046,8.588,B9,2.4,10.0,,+21.7,-4.85,+4.47
Bochum 14,18 02 00,-23 41 00,6.388,-0.499,578,13.48,1.508,6.996,,-5.0,2.0,,,,
Dutra-Bica 60,17 39 20,-23 41 00,3.731,3.959,,,,,,,1.0,,,,
Ruprecht 149,06 52 30,-23 40 00,234.346,-10.327,,,,,,,5.0,,,,
Collinder 367,18 09 43,-23 39 35, 7.27,-2.02,1200,11.48,0.35,6.84,B1,-42.3,48.0,,-3.17,1.16,-2.03
ESO 525-08,19 27 17,-23 34 48,15.117,-18.027,1640,12.19,0.36,9.00,,-507.5,5.0,,,,
Ruprecht 139,18 01 01,-23 31 48, 6.41,-0.22,550,9.17,0.15,9.05,,-2.1,15.6,,,-1.10,-2.19
Ruprecht 23,07 30 41,-23 23 00,238.077,-2.394,,,,,,,4.0,,,,
Ruprecht 25,07 36 47,-23 23 00,238.754,-1.169,,,,,,,2.0,,,,
NGC 6546,18 07 22,-23 17 48,7.328,-1.382,938,11.38,0.491,7.849,,-22.6,14.0,,,-2.41,-0.70
Ruprecht 17,07 23 36,-23 11 00,237.128,-3.731,,,,,,,3.0,,,,
NGC 6514,18 02 42,-22 58 18,7.086,-0.287,816,10.15,0.190,7.368,O5,-4.1,28.0,,-22.00,+0.06,-0.90
ASCC 39,07 33 00,-22 57 00,237.95,-1.72,1500,10.88,0.00,8.71,,-45.0,36.0,,,-3.37,+1.85
Juchert 12,07 20 57,-22 52 00,236.562,-4.122,,,,,,,2.0,,,,
ESO 561-05,07 59 19,-22 41 30,240.776,3.655,,,,,,,7.0,,,,
Haffner 5,07 18 02,-22 40 00,236.071,-4.625,,,,,,,6.0,,,,
NGC 6531,18 04 13,-22 29 24,7.677,-0.355,1205,11.28,0.281,7.070,B0,-7.5,14.0,,-16.00,+2.28,-3.05
Ruprecht 39,07 52 19,-22 27 00,239.733,2.396,,,,,,,2.0,,,,
NGC 6469,17 53 13,-22 19 11, 6.55,1.94,550,9.63,0.30,8.36,B8,18.6,18.0,,,3.04,-1.20
ASCC 93,18 08 13,-22 15 36, 8.33,-1.04,2500,12.86,0.28,7.22,,-45.4,32.4,,-23.33,-2.18,-1.80
Platais 5,06 09 36,-22 09 06,228.801,-18.758,272,7.17,,7.78,,-87.5,300.0,,,-6.32,+7.27
NGC 6583,18 15 49,-22 08 12,9.283,-2.534,2040,13.5,0.51,9.00,,-90.,1.0,,,,
NGC 6573,18 13 41,-22 07 06,9.063,-2.091,,,,,,,1.0,,,,
Ruprecht 33,07 45 58,-21 57 00,238.557,1.382,,,,,,,9.0,,,,
Ruprecht 9,07 02 07,-21 55 00,233.725,-7.570,,,,,,,1.0,,,,
ESO 589-26,18 02 14,-21 54 54,7.952,0.328,,,,,,,2.5,,,,
NGC 2367,07 20 06,-21 52 54,235.596,-3.837,2004,12.54,0.331,6.737,B3,-134.1,5.0,,+41.00,,
NGC 6568,18 12 43,-21 36 00, 9.41,-1.64,1000,10.77,0.25,8.71,,-28.6,26.4,,,-1.43,-1.71
Ruprecht 19,07 25 51,-21 35 00,235.961,-2.518,,,,,,,5.0,,,,
vdBergh 113,18 08 52,-21 25 12, 9.13,-0.77,3470,14.50,0.58,7.50,,-46.6,27.6,,-16.00,-0.26,-2.47
ESO 570-12,11 12 12,-21 19 18,274.069,35.927,,,,,,,13.0,,,,
NGC 2455,07 49 01,-21 18 06,238.354,2.320,,,,,,,5.0,,,,
ASCC 36,07 14 31,-21 07 12,234.31,-4.64,750,9.38,0.00,8.51,,-60.7,21.6,,,-2.15,-0.87
Ruprecht 146,18 52 31,-21 05 00,14.104,-9.668,,,,,,,4.0,,,,
NGC 2384,07 25 10,-21 01 18,235.390,-2.393,2116,12.42,0.255,6.904,B0,-88.4,5.0,,+51.00,,
NGC 2383,07 24 40,-20 56 54,235.270,-2.461,1655,11.75,0.213,7.167,A3,-71.1,5.0,,,,
ESO 559-13,07 28 42,-20 49 30,235.609,-1.573,,,,,,,10.0,,,,
Tombaugh 2,07 03 05,-20 49 00,232.832,-6.880,13260,12.81,0.08,9.01,,-390.5,3.0,-0.36,+114.0,,
Ruprecht 11,07 07 21,-20 48 00,233.267,-5.981,,,,,,,5.0,,,,
NGC 2287,06 46 01,-20 45 24,231.020,-10.444,693,9.29,0.027,8.385,B3,-125.6,39.0,+0.04,+25.8,-4.38,-0.90
NGC 7826,00 05 17,-20 41 30,61.875,-77.653,,,,,,,20.0,,,,
NGC 2421,07 36 13,-20 36 42,236.271,0.069,2181,13.10,0.453,7.367,,2.6,7.0,,,,
Tombaugh 1,07 00 29,-20 34 00,232.334,-7.314,3000,13.63,0.40,9.00,,-381.9,5.0,,,,
Czernik 31,07 36 59,-20 32 00,236.290,0.264,,,,,,,5.0,,,,
Ruprecht 40,07 33 28,-20 31 00,235.875,-0.447,,,,,,,2.0,,,,
Ruprecht 34,07 45 55,-20 23 00,237.195,2.157,,,,,,,6.0,,,,
Collinder 394,18 52 28,-20 19 00,14.883,-9.236,690,9.92,0.235,7.803,,-110.7,22.0,,+6.0,-2.42,-7.20
Ruprecht 38,07 50 30,-20 11 00,237.564,3.186,,,,,,,2.0,,,,
Ruprecht 10,07 06 25,-20 05 00,232.553,-5.854,,,,,,,4.0,,,,
NGC 6716,18 54 34,-19 54 06,15.395,-9.593,789,10.17,0.220,7.961,B5,-131.5,10.0,,,-0.87,-3.30
NGC 6595,18 17 04,-19 51 54,11.422,-1.713,,,,,,,4.0,,,,
Auner 1,07 04 16,-19 45 00,231.997,-6.155,8900,15.74,0.32,9.51,,-954.2,3.0,,,,
Trumpler 33,18 24 42,-19 43 00,12.397,-3.228,1755,12.33,0.357,7.685,,-98.8,5.0,,,,
Ruprecht 62,08 32 32,-19 41 00,242.501,11.782,,,,,,,6.0,,,,
Dias 5,18 17 38,-19 40 12,11.65,-1.73,1760,12.25,0.33,7.14,,-53.1,14.4,,-5.25,1.92,-0.37
Ruprecht 15,07 19 33,-19 38 00,233.544,-2.903,,,,,,,2.0,,,,
Ruprecht 16,07 23 10,-19 28 00,233.796,-2.072,,,,,,,4.0,,,,
Ruprecht 46,08 02 10,-19 28 00,238.365,5.907,752,9.60,0.07,9.60,,77.4,3.0,-0.04,,,
ESO 587-04,17 04 22,-19 27 18,2.728,13.066,,,,,,,2.0,,,,
Bochum 6,07 32 00,-19 25 00,234.745,-0.218,2500,14.19,0.71,7.00,,-15.1,10.0,,,,
ASCC 97,18 36 57,-19 13 11,14.16,-5.56,800,10.76,0.40,7.88,,-77.5,51.6,,,-2.09,-6.21
NGC 2432,07 41 16,-19 08 59,235.58,1.82,2030,11.91,0.12,8.18,,64.5,24.0,,14.40,-3.68,+01.62
IC 4725,18 31 47,-19 07 00,13.702,-4.434,620,10.44,0.476,7.965,B5,-47.9,29.0,+0.17,+2.4,-4.01,-5.70
Ruprecht 157,08 29 49,-19 06 00,241.639,11.585,,,,,,,6.0,,,,
NGC 2509,08 00 48,-19 03 06,237.840,5.848,912,10.29,0.15,9.90,,,6.0,,,,
Markarian 38,18 15 17,-19 00 00,11.983,-0.931,1471,12.09,0.405,6.882,O9,-23.9,2.0,,-18.0,+0.07,-2.20
NGC 6494,17 57 04,-18 59 06,9.894,2.834,628,10.09,0.356,8.477,B9,31.0,29.0,+0.09,-8.6,+1.37,-1.20
Turner 3,18 17 34,-18 51 50,12.147,-1.416,1790,11.26,,7.46,,-44.2,2.0,,,,
Turner 2,18 17 12,-18 49 30,12.110,-1.324,1190,11.49,0.36,8.00,,-27.5,7.0,,,,
ASCC 99,18 49 04,-18 43 47,15.89,-7.91,280,7.70,0.15,8.71,,-38.5,27.6,,-31.29,+6.90,-2.50
Turner 4,18 17 08,-18 42 00,12.139,-1.268,2330,11.84,,7.00,,-51.6,3.5,,,,
NGC 2204,06 15 33,-18 39 54,226.014,-16.107,2629,12.36,0.085,8.896,,-729.4,10.0,-0.33,+59.00,,
Ruprecht 5,06 55 14,-18 36 00,230.004,-7.554,,,,,,,2.0,,,,
ESO 559-02,07 18 05,-18 35 42,232.462,-2.725,,,,,,,1.0,,,,
NGC 6737,19 02 20,-18 32 59,17.434,-10.670,2120,13.99,0.76,8.70,,-392.5,8.0,,,,
Mayer 3,07 30 06,-18 32 00,233.755,-0.187,,,,,,,4.0,,,,
NGC 6554,18 08 59,-18 26 06,11.762,0.648,,,,,,,20.0,,,,
NGC 6603,18 18 26,-18 24 24,12.860,-1.306,3600,15.23,0.79,8.30,,-82.1,6.0,,,+0.72,+0.10
Haffner 24,07 28 56,-18 19 00,233.432,-0.326,,,,,,,2.0,,,,
Collinder 469,18 16 15,-18 16 00,12.733,-0.871,1481,12.15,0.418,7.799,,-22.5,3.0,,,,
Ruprecht 145,18 50 34,-18 13 11,16.51,-8.01,770,10.21,0.25,8.64,,-107.3,44.4,,,6.43,-4.51
NGC 3520,11 07 08,-18 01 24,270.774,38.250,,,,,,,0.6,,,,
NGC 2017,05 39 17,-17 50 48,221.623,-23.708,,,,,,,6.0,,,,
NGC 2479,07 55 04,-17 42 35,235.98,5.37,1200,10.71,0.10,8.99,,112.3,18.0,,,-0.94,+01.93
NGC 6507,17 59 50,-17 27 00,11.554,3.028,1230,13.08,0.85,8.60,,65.0,14.0,,,,
Ruprecht 37,07 49 54,-17 17 00,234.984,4.529,,,,,,,4.0,,,,
NGC 6647,18 32 49,-17 13 42,15.246,-3.564,2200,13.39,0.54,9.20,,-136.8,13.0,,,,
Bochum 4,07 31 37,-17 11 36,232.753,0.774,2291,13.75,0.63,7.00,,30.9,5.0,,,-2.59,+0.80
NGC 2358,07 16 55,-17 08 59,231.05,-2.30,630,9.06,0.02,8.72,,-25.3,32.4,,,-0.40,-1.17
NGC 6613,18 19 58,-17 06 06,14.183,-1.011,1296,11.96,0.450,7.223,B3,-22.9,5.0,,-14.0,-1.02,-1.33
Haffner 9,07 24 30,-17 00 00,231.771,-0.628,,,,,,,4.0,,,,
Bochum 5,07 31 00,-16 56 00,232.454,0.770,872,10.30,0.194,7.545,,11.7,15.0,,,-2.67,+1.43
Haffner 23,07 09 18,-16 55 12,230.00,-3.81,1000,10.31,0.10,8.84,,-66.4,24.0,,,-3.70,-0.63
NGC 6645,18 32 37,-16 53 00,15.784,-3.587,1245,11.59,0.36,8.60,B9,-77.9,14.0,,,,
NGC 6561,18 10 29,-16 43 47,13.42,1.16,3400,13.90,0.40,6.92,,68.8,21.6,,-17.93,0.02,+00.02
NGC 6596,18 17 31,-16 38 59,14.30,-0.28,1100,10.67,0.15,8.60,,-5.4,20.4,,,2.94,-2.47
NGC 2428,07 39 25,-16 31 48,233.08,2.72,2100,11.77,0.05,8.68,,99.7,14.4,,,-2.02,+01.12
Berkeley 25,06 41 16,-16 29 12,226.61,-9.69,11300,15.79,0.17,9.60,,-1902.0,2.0,-0.38,,,
NGC 2430,07 39 35,-16 21 00,232.94,2.85,650,9.59,0.17,8.68,,32.3,14.4,,,-4.07,+01.28
Ruprecht 45,07 59 36,-16 18 00,235.322,7.028,,,,,,,9.0,,,,
Ruprecht 147,19 16 40,-16 17 59,20.99,-12.81,175,6.68,0.15,9.39,,-38.8,147.6,,41.00,-0.56,-27.74
Ruprecht 151,07 41 16,-16 17 24,233.09,3.23,2100,12.23,0.20,8.49,,118.3,24.0,,,-4.30,+02.10
NGC 6618,18 20 47,-16 10 18,15.095,-0.746,1300,15.25,1.51,6.00,O5,-16.9,25.0,,,+1.79,-1.96
Ruprecht 171,18 32 12,-16 03 00,16.480,-3.116,1140,10.66,0.12,9.51,,-62.0,12.0,,,,
Waterloo 8,07 30 12,-15 50 00,231.397,1.130,,,,,,,12.0,,,,
Ruprecht 26,07 37 11,-15 38 59,232.05,2.69,1440,11.10,0.10,7.49,,67.6,24.0,,15.00,-3.38,-1.34
NGC 2360,07 17 43,-15 38 30,229.807,-1.426,1887,11.72,0.111,8.749,B8,-47.0,13.0,-0.15,+29.00,-3.51,+8.07
NGC 2414,07 33 12,-15 27 12,231.412,1.946,3455,14.27,0.508,6.976,,117.3,5.0,,+64.5,-3.44,+0.66
Czernik 29,07 28 18,-15 24 00,230.798,0.935,4168,14.59,0.48,8.30,,68.0,5.0,,,,
Haffner 10,07 28 36,-15 23 00,230.817,1.007,3700,15.21,0.52,9.40,,65.0,3.0,,,,
Ivanov 7,07 30 40,-15 18 00,230.983,1.484,,,,,,,2.8,,,,
Waterloo 7,07 26 08,-15 05 36,230.279,0.622,2800,13.54,0.42,,,30.4,2.6,,,,
Alessi 17,07 35 24,-15 05 30,231.352,2.585,,,,,,,2.5,,,,
ASCC 94,18 15 36,-14 59 23,15.54,0.92,850,10.27,0.20,8.78,,13.6,30.0,,-26.00,+0.38,-0.08
Haffner 4,07 06 12,-14 59 00,227.940,-3.586,,,,,,,5.0,,,,
NGC 6605,18 18 21,-14 56 42,15.900,0.350,,,,,,,15.0,,,,
NGC 2425,07 38 22,-14 52 54,231.50,3.31,3400,13.62,0.31,9.40,,196.3,5.0,,,,
NGC 2437,07 41 46,-14 48 36,231.858,4.064,1375,11.17,0.154,8.390,B9,97.4,20.0,+0.05,+48.1,-4.54,+0.58
Dolidze 28,18 25 24,-14 39 00,16.961,-1.015,,,,,,,5.0,,,,
NGC 2422,07 36 35,-14 29 00,230.958,3.130,490,8.67,0.070,7.861,B3,26.8,25.0,,,-7.15,+1.10
Kronberger 2,18 21 19,-14 17 12,16.819,0.029,,,,,,,5.0,,,,
Ruprecht 1,06 36 25,-14 10 48,223.99,-9.69,1100,10.67,0.15,8.76,,-185.1,30.0,,,2.20,+00.10
Basel 11a,07 17 06,-13 58 00,228.256,-0.776,1520,10.91,0.0,8.30,,-20.6,5.0,,,,
NGC 2401,07 29 24,-13 58 00,229.665,1.854,6300,15.11,0.36,7.40,,203.8,2.0,,,,
NGC 2423,07 37 06,-13 52 18,230.484,3.537,766,9.72,0.097,8.867,B5,47.3,12.0,+0.14,+18.1,+0.55,-2.50
NGC 6611,18 18 48,-13 48 24,16.954,0.793,1749,13.64,0.782,6.884,O6,24.2,6.0,,+23.5,+0.07,-0.28
ASCC 40,07 33 35,-13 45 36,229.97,2.84,700,9.57,0.11,8.58,,34.7,21.6,,,-2.07,+2.70
NGC 2318,06 59 27,-13 41 54,226.048,-4.460,,,,,,,12.0,,,,
Ruprecht 8,07 01 42,-13 35 00,226.194,-3.920,,,,,,,3.0,,,,
Trumpler 32,18 17 30,-13 21 00,17.207,1.288,1720,13.16,0.64,8.48,,38.7,5.0,,,,
Ruprecht 6,06 56 00,-13 17 00,225.297,-5.021,,,,,,,1.0,,,,
NGC 2374,07 23 56,-13 15 48,228.415,1.020,1468,11.11,0.090,8.463,,26.1,12.0,,+27.2,-4.65,-1.10
Berkeley 33,06 57 42,-13 13 00,225.424,-4.622,7000,15.00,0.30,8.90,,-564.1,4.0,,,,
NGC 2345,07 08 18,-13 11 36,226.580,-2.314,2251,13.67,0.616,7.853,A2,-90.9,12.0,,,,
NGC 6639,18 30 57,-13 08 59,18.91,-1.51,700,9.85,0.20,8.86,,-18.4,21.6,,7.00,2.31,-1.50
Haffner 6,07 20 06,-13 08 00,227.861,0.258,3054,13.82,0.450,8.826,,13.8,6.0,,,,
Berkeley 36,07 16 06,-13 06 00,227.376,-0.587,6140,15.30,0.40,9.50,,-62.,5.0,,,,
NGC 2413,07 33 07,-13 02 23,229.28,3.09,440,8.34,0.04,8.46,,23.7,24.0,,,-2.01,+00.99
NGC 7134,21 48 55,-12 58 24,41.980,-45.141,,,,,,,1.0,,,,
NGC 7005,21 01 57,-12 52 50,35.810,-34.711,,,,,,,1.5,,,,
NGC 2539,08 10 37,-12 49 06,233.705,11.112,1363,10.93,0.082,8.570,A0,262.7,9.0,+0.13,+29.3,-4.07,-1.83
Ruprecht 24,07 31 54,-12 45 00,228.888,2.971,,,,,,,7.0,,,,
NGC 6994,20 58 55,-12 38 00,35.714,-33.935,620,9.18,0.07,9.40,,-346.1,9.0,,,,
Haffner 8,07 23 24,-12 20 00,227.533,1.345,1182,10.46,0.03,9.15,,27.7,5.0,+0.06,,,
Dias 6,18 30 27,-12 19 40,19.588,-1.022,1580,13.81,0.91,8.78,,-28.2,8.0,,,,
Ruprecht 141,18 31 19,-12 19 11,19.69,-1.20,5500,15.47,0.57,6.92,,-115.2,13.2,,30.70,0.57,-2.68
NGC 6604,18 18 03,-12 14 30,18.247,1.695,1696,14.15,0.970,6.810,O9,50.2,5.0,,+18.00,-0.02,-2.74
Ruprecht 142,18 32 12,-12 14 00,19.870,-1.358,1735,14.02,0.91,8.60,,-41.1,6.0,,,,
Ruprecht 143,18 32 36,-12 08 00,20.004,-1.399,,,,,,,5.0,,,,
Melotte 71,07 37 30,-12 04 00,228.949,4.498,3154,12.84,0.113,8.371,,247.4,7.0,-0.30,,,
NGC 6631,18 27 11,-12 01 48,19.482,-0.177,2600,13.47,0.45,8.60,,-8.0,6.0,,,,
NGC 1498,04 00 18,-12 00 54,203.623,-43.330,,,,,,,2.0,,,,
NGC 6625,18 22 49,-11 57 42,19.043,0.799,1335,14.38,1.21,8.70,,18.6,16.0,,,,
ASCC 92,17 51 07,-11 52 48,15.35,7.63,650,9.84,0.25,9.01,,86.3,36.0,,,-7.68,-4.91
NGC 2396,07 28 01,-11 43 12,227.52,2.63,588,9.00,0.05,8.52,,27.0,26.4,,17.70,-2.00,-1.40
Ruprecht 135,17 58 12,-11 39 00,16.421,6.234,1850,14.75,1.10,8.70,,200.9,4.0,,,,
Berkeley 76,07 06 24,-11 37 00,225.099,-1.998,2505,14.25,0.73,8.90,,-87.3,5.0,,,,
vdBergh 92,07 03 54,-11 29 23,224.57,-2.49,1500,11.65,0.25,7.59,,-65.2,24.0,,17.33,-5.22,+02.52
Ruprecht 144,18 33 34,-11 25 00,20.749,-1.278,,,0.32,8.18,,,5.0,,,,
Collinder 466,07 07 18,-10 49 00,224.224,-1.472,,,,,,,4.0,,,,
NGC 2506,08 00 01,-10 46 12,230.564,9.935,3460,12.95,0.081,9.045,,597.0,12.0,-0.37,+94.00,,
Melotte 72,07 38 24,-10 41 00,227.841,5.361,3000,13.00,0.20,8.78,,280.3,5.0,,,,
Collinder 465,07 07 12,-10 37 00,224.059,-1.406,,,,,,,9.0,,,,
NGC 2343,07 08 06,-10 37 00,224.268,-1.173,1056,10.48,0.118,7.104,A0,-21.6,5.0,-0.30,,-2.09,-1.41
Collinder 467,07 39 18,-10 33 00,227.832,5.619,,,,,,,2.0,,,,
Ruprecht 4,06 48 54,-10 32 00,222.047,-5.339,4975,14.60,0.36,8.90,,-462.9,5.0,,,,
NGC 2351,07 13 31,-10 29 12,224.768,0.068,,,,,,,4.0,,,,
Alessi 10,20 04 44,-10 28 47,31.64,-20.98,513,9.23,0.22,8.71,,-183.7,20.4,,,0.70,-7.92
NGC 6649,18 33 27,-10 24 12,21.635,-0.785,1369,14.41,1.201,7.566,,-18.8,5.0,,-8.8,,
NGC 2368,07 21 06,-10 22 18,225.536,1.771,,,0.12,7.70,,,3.0,,,,
NGC 2353,07 14 30,-10 16 00,224.685,0.384,1119,10.47,0.072,7.974,B0,7.5,18.0,,+38,-2.49,+0.00
NGC 2335,07 06 49,-10 01 42,223.600,1417,11.98,0.393,8.210,B9,-29.3,6.0,-0.03,,-0.91,-3.18
Ruprecht 170,18 25 12,-10 00 00,21.050,1.200,,,,,,,8.0,,,,
Czernik 30,07 31 18,-09 58 00,226.369,4.173,6200,14.80,0.26,9.40,,451.2,3.0,,,,
vdBergh 80,06 30 48,-09 40 00,219.268,-8.944,,,0.38,6.65,,,2.0,,,,
NGC 2225,06 26 36,-09 38 18,218.780,-9.860,3200,13.60,0.35,9.10,,-550,2.5,,,,
NGC 6694,18 45 18,-09 23 00,23.879,-2.914,1600,12.85,0.589,7.931,B5,-81.3,7.0,,-9.2,-1.73,-0.91
Alessi 21,07 10 47,-09 20 24,223.44, 0.00,500,8.71,0.07,7.47,, 0.0,60.0,,38.80,-3.65,+03.04
NGC 6728,18 58 44,-08 58 12,25.74,-5.68,1000,10.47,0.15,8.93,,-99.0,15.6,,,2.25,-0.80
Dolidze 27,16 36 30,-08 57 00,7.616,24.664,,,,,,,25.0,,,,
Ivanov 4,07 00 32,-08 52 00,221.857,-2.028,,,,,,,4.0,,,,
NGC 2349,07 10 48,-08 35 36,222.780,0.351,,,,,,,10.0,,,,
Dias 3,07 10 31,-08 25 39,222.600,0.365,4650,15.30,0.64,9.15,,29.6,16.0,,,,
Trumpler 34,18 39 48,-08 25 00,24.119,-1.264,1738,12.94,0.56,8.10,,-38.3,5.0,,,,
NGC 2323,07 02 42,-08 23 00,221.672,-1.331,929,10.50,0.213,8.096,B6,-21.6,14.0,,+9.5,+0.61,-1.90
NGC 6664,18 36 42,-08 13 00,23.945,-0.491,1164,12.53,0.709,7.162,B3,-10.0,12.0,,+17.8,-0.31,-2.31
Mamajek 2,17 38 00,-08 06 00,17.036,12.315,173,7.00,0.26,8.1,,36.9,20.0,,-18.9,-12.10,-20.60
NGC 2364,07 20 46,-07 33 00,223.003,3.020,,,,,,,6.0,,,,
NGC 2215,06 20 49,-07 17 00,215.993,-10.102,1293,11.49,0.300,8.369,,-226.8,7.0,,,+2.61,-5.60
NGC 2306,06 54 28,-07 13 11,219.70,-2.62,1200,10.55,0.05,8.85,,-54.9,20.4,,,-0.98,+01.91
NGC 2309,06 56 03,-07 10 30,219.845,-2.245,2511,13.08,0.35,8.40,,-98.4,5.0,,,,
NGC 2302,06 51 55,-07 05 00,219.297,-3.117,1182,11.00,0.207,7.847,,-64.3,5.0,,,,
ASCC 24,06 28 44,-07 01 11,216.64,-8.23,400,8.44,0.14,6.96,,-57.3,42.0,,16.35,-5.55,-4.05
Dolidze 31,18 34 54,-06 51 00,24.954,0.534,,,,,,,18.0,,,,
Dolidze 29,18 31 24,-06 38 00,24.745,1.405,,,,,,,18.0,,,,
Berkeley 73,06 22 00,-06 21 00,215.278,-9.424,6850,14.5,0.10,9.36,,-1121.6,2.0,,,,
NGC 6705,18 51 05,-06 16 12,27.307,-2.776,1877,12.69,0.426,8.302,B8,-90.9,13.0,+0.13,+34.4,-4.63,-1.10
NGC 6683,18 42 13,-06 12 42,26.355,-0.788,1197,12.06,0.54,7.00,B4,-16.5,3.0,,,,
ASCC 30,06 56 59,-06 12 36,219.09,-1.60,800,9.98,0.15,8.20,,-22.3,31.2,,,-2.89,+0.60
Haffner 3,07 04 00,-06 08 00,219.820,-0.014,,,,,,,5.0,,,,
Dolidze 30,18 32 54,-06 02 00,25.450,1.351,,,,,,,18.0,,,,
Stephenson 2,18 39 22,-06 01 18,25.845,0.501,,,,,,,4.0,,,,
NGC 1980,05 35 24,-05 54 35,209.51,-19.60,550,8.86,0.05,6.67,B1,-184.5,25.2,,25.34,0.83,-0.36
Basel 1,18 48 12,-05 51 00,27.355,-1.947,2178,13.18,0.482,7.893,B4,-74.0,5.0,,,,
NGC 6980,20 52 48,-05 50 12,42.105,-29.578,,,,,,,10.0,,,,
NGC 2548,08 13 43,-05 45 00,227.873,15.393,769,9.53,0.031,8.557,A0,204.1,30.0,+0.08,+5.00,-0.83,+1.90
NGC 2338,07 07 47,-05 43 12,219.885,1.012,,,,,,,3.0,,,,
ASCC 38,07 27 10,-05 33 00,221.97,5.36,500,8.71,0.07,8.60,,46.7,31.2,,,-6.44,+1.34
NGC 1976,05 35 16,-05 23 24,209.010,-19.386,399,8.16,0.05,7.11,O6,-132.4,47.0,,,+1.67,-0.30
NGC 6704,18 50 45,-05 12 18,28.219,-2.218,2974,14.59,0.717,7.863,B2,-115.1,5.0,,,,
NGC 2250,06 33 49,-05 05 06,215.468,-6.238,,,,,,,3.0,,,,
Pfleiderer 2,17 58 39,-05 04 18,22.282,9.327,,,,,,,2.0,,,,
Bochum 3,07 03 24,-05 03 00,218.789,0.350,1762,11.97,0.24,7.89,,10.8,4.0,,,,
Andrews-Lindsay 5,18 44 19,-04 55 48,27.734,-0.667,,,,,,,2.3,,,,
NGC 2232,06 28 01,-04 50 48,214.432,-7.542,359,7.87,0.030,7.727,B3,-47.1,45.0,,+20.00,-3.37,-3.10
NGC 1977,05 35 24,-04 49 12,208.48,-19.10,500,8.65,0.05,7.08,,-163.6,25.2,,25.26,2.42,-1.90
NGC 6682,18 39 37,-04 48 48,27.302,0.427,,,,,,,19.0,,,,
NGC 2219,06 23 44,-04 40 36,213.960,-8.288,,,,,,,6.0,,,,
NGC 2311,06 57 46,-04 36 36,217.75,-0.70,2000,12.12,0.20,8.60,,-24.4,18.0,,,-3.20,+02.77
Berkeley 39,07 46 42,-04 36 00,223.462,10.095,4780,13.77,0.12,9.90,,837.8,7.0,-0.17,+55.00,,
Dolidze 34,18 42 00,-04 35 00,27.778,0.005,,,,,,,5.0,,,,
Dolidze 33,18 40 36,-04 24 00,27.781,0.399,,,,,,,5.0,,,,
NGC 1981,05 35 09,-04 24 00,208.06,-18.96,400,8.16,0.05,7.50,B1,-130.0,30.0,,27.94,1.01,+01.14
ASCC 27,06 53 52,-04 23 23,217.11,-1.46,1200,10.68,0.09,8.75,,-30.6,24.0,,,-2.36,-3.72
Czernik 26,06 30 58,-04 11 00,214.336,-6.456,6700,14.30,0.05,9.11,,-753.3,5.0,,,,
Trumpler 35,18 42 54,-04 08 00,28.281,0.011,1206,14.18,1.218,7.862,B4,0.2,5.0,,-4.7,,
Dolidze 32,18 40 24,-04 06 00,28.025,0.581,,,,,,,7.0,,,,
Ivanov 9,06 59 43,-04 04 00,217.494,-0.016,,,,,,,1.0,,,,
NGC 6863,20 05 07,-03 33 18,38.278,-17.996,,,,,,,2.0,,,,
NGC 2184,06 11 13,-03 26 24,211.41,-10.52,640,9.28,0.08,8.37,,-116.9,24.0,,,-3.59,-1.93
Whiting 1,02 02 57,-03 15 10,161.618,-60.636,,,,,,,1.2,,,,
Berkeley 77,07 21 27,-03 14 01,219.253,5.181,4630,13.70,0.12,8.80,,418.1,5.0,,,,
NGC 2286,06 47 40,-03 08 54,215.306,-2.273,2897,12.84,0.170,8.883,,-114.9,14.0,,,+2.08,-2.48
Sigma Orionis,05 38 42,-02 36 00,206.811,-17.346,,,,,,,10.0,,,+1.68,+1.73
ASCC 19,05 27 46,-01 58 48,204.88,-19.47,350,7.75,0.01,7.64,,-116.7,96.0,,19.30,+0.61,-0.68
ASCC 29,06 54 18,-01 39 00,214.72,-0.12,750,9.53,0.05,8.06,,-1.6,26.4,,13.50,-0.49,-0.35
NGC 2260,06 38 03,-01 28 24,212.718,-3.650,,,,,,,18.0,,,,
Berkeley 79,18 45 12,-01 13 00,31.138,0.833,2300,15.50,1.19v,7.81,,33.4,6.0,,,,
Berkeley 80,18 54 22,-01 13 00,32.183,-1.206,3300,14.80,1.10,8.48,,-69.5,4.0,,,,
Berkeley 37,07 20 24,-01 06 00,217.230,5.935,4555,13.65,0.12,8.95,,471.0,4.0,,,,
Collinder 70,05 35 31,-01 06 00,205.03,-17.35,391,8.09,0.04,6.71,,-116.6,180.0,,19.49,0.36,-0.68
ASCC 28,06 54 03,+00 10 11,213.38,0.50,800,9.67,0.05,8.34,,7.0,36.0,,22.70,-1.68,-1.10
Dolidze 23,06 43 12,-00 00 00,211.962,-1.845,,,,,,,10.0,,,,
ASCC 41,07 47 02,+00 01 11,219.35,12.35,370,7.90,0.02,8.44,,79.1,43.2,,,+1.93,-3.93
Berkeley 20,05 33 00,+00 13 00,203.483,-17.373,8400,14.99,0.12,9.78,,-2508.2,2.0,-0.75,,,
Berkeley 34,07 00 24,-00 15 00,213.731,2.108,7280,15.80,0.45,9.45,,238.,2.0,,,,
Dolidze 25,06 45 06,+00 18 00,211.942,-1.273,6304,16.22,0.717,6.840,,-140.1,20.0,,+71.00,+1.81,-1.98
Collinder 401,19 38 24,+00 20 00,38.651,-10.262,,,,,,,1.0,,,,
Bochum 2,06 48 54,+00 23 00,212.302,-0.390,2661,14.70,0.831,6.665,,-18.1,1.5,,+66.3,,
NGC 2112,05 53 45,+00 24 36,205.872,-12.615,850,11.60,0.63,9.301,,-185.6,18.0,-0.11,+39.00,,
NGC 6859,20 03 49,+00 26 36,41.812,-15.836,,,,,,,8.0,,,,
NGC 2301,06 51 45,+00 27 36,212.558,0.279,872,9.79,0.028,8.216,B8,4.2,14.0,+0.06,+21.2,-1.32,-4.90
NGC 6735,19 00 37,-00 28 30,34.402,-1.825,,,,,,,12.0,,,,
Berkeley 81,19 01 36,-00 31 00,34.505,-2.068,3000,15.49,1.00,9.00,,-108.3,5.0,,,,
ASCC 22,06 14 31,+00 38 23,208.12,-7.92,1500,11.50,0.20,8.42,,-206.7,21.6,,,-5.01,-3.88
ASCC 18,05 26 09,+00 49 12,202.08,-18.49,500,8.68,0.06,7.12,,-158.6,74.4,,13.39,+0.89,-0.02
Berkeley 24,06 37 42,-00 55 00,210.592,-2.636,,,,,,,5.0,,,,
NGC 6775,19 16 48,-00 55 24,36.657,-5.217,,,,,,,2.0,,,,
King 23,07 21 48,-00 59 00,215.529,7.202,3113,12.95,0.16,8.95,,390.3,5.0,,,,
NGC 2324,07 04 07,+01 02 42,213.447,3.297,3805,13.30,0.127,8.630,B9,218.8,7.0,-0.52,+41.81,-1.70,-2.77
NGC 2189,06 12 09,+01 03 54,207.464,-8.240,,,,,,,7.0,,,,
NGC 2262,06 39 38,+01 08 36,210.567,-2.104,3600,14.50,0.55,9.00,,-130,2.0,,,,
vdBergh 85,06 46 54,+01 20 00,211.228,-0.401,,,,,,,4.0,,,,
Collinder 350,17 48 07,+01 21 00,26.79,14.69,280,8.38,0.37,8.61,,71.0,66.0,,,-3.55,+00.02
ASCC 106,19 43 08,+01 36 00,40.34,-10.73,500,9.58,0.35,8.42,,-93.1,79.2,,,-1.16,-2.74
Dolidze 24,06 44 12,+01 36 00,210.610,-0.693,,,,,,,14.0,,,,
ASCC 20,05 28 44,+01 37 47,201.67,-17.53,450,8.39,0.04,7.35,,-135.5,90.0,,17.62,-0.09,+0.51
Alessi 15,06 43 04,+01 40 19,210.489,-1.099,,,,,,,0.9,,,,
Collinder 115,06 46 30,+01 46 00,210.797,-0.292,,,,,,,10.0,,,,
ASCC 16,05 24 35,+01 47 59,200.98,-18.35,460,8.59,0.09,6.93,,-144.8,74.4,,0.75,+0.75,-0.18
Berkeley 42,19 05 06,+01 53 00,36.167,-2.178,1826,13.66,0.760,9.325,,-69.4,5.0,,,,
Saurer 1,07 18 18,+01 53 12,214.686,7.388,13200,15.97,0.12,9.85,,1697.4,4.0,,,,
Collinder 110,06 38 24,+02 01 00,209.649,-1.978,1950,13.00,0.50,9.15,,-67.3,18.0,,,+0.59,-1.41
ASCC 35,07 12 39,+02 07 11,213.46,5.68,800,9.70,0.06,8.49,,79.2,48.0,,,-2.68,-0.94
Alessi 16,06 43 35,+02 10 24,210.102,-0.755,,,,,,,0.5,,,,
Chereul 3,21 20 12,+02 12 54,54.198,-31.329,89,4.75,,,,-46.3,,,,,
Collinder 91,06 21 42,+02 22 00,207.415,-5.522,,,,,,,13.0,,,,
Berkeley 35,07 09 55,+02 44 00,212.602,5.351,,,,,,,2.0,,,,
Collinder 96,06 30 18,+02 52 00,207.964,-3.386,962,11.50,0.510,7.031,,-56.8,12.0,,,+0.44,-1.64
Collinder 359,18 01 06,+02 54 00,29.750,12.517,249,7.58,0.193,7.506,B3,54.0,240.0,,,+0.14,-9.10
Berkeley 28,06 52 12,+02 56 00,210.407,1.507,2557,14.40,0.761,7.846,,67.2,3.0,,,,
NGC 2319,07 00 43,+03 02 23,211.28,3.44,1100,10.36,0.05,8.61,,66.0,24.0,,,-0.54,-1.55
vdBergh 1,06 37 00,+03 04 00,208.555,-1.808,1687,13.34,0.710,8.025,,-53.2,5.0,,+18.9,+3.76,-4.78
Berkeley 30,06 57 42,+03 13 00,210.780,2.858,4790,14.95,0.50,8.48,B0,238.8,3.0,,,,
NGC 2270,06 43 58,+03 28 48,208.98,-0.07,1400,10.92,0.06,8.64,,-1.7,38.4,,40.00,-0.17,-3.12
ASCC 31,07 00 53,+03 30 00,210.89,3.69,600,9.36,0.15,8.63,,38.6,20.4,,,+1.20,-1.38
NGC 6795,19 26 22,+03 30 54,40.077,-6.137,,,,,,,8.0,,,,
ASCC 21,05 28 58,+03 39 00,199.86,-16.49,500,8.59,0.03,7.11,,-141.9,96.0,,19.90,+0.52,-0.62
Platais 6,06 15 25,+03 55 12,205.30,-6.19,348,7.71,0.00,7.79,,-37.5,188.4,,26.00,-4.45,-4.27
NGC 6755,19 07 49,+04 16 00,38.598,-1.688,1421,13.32,0.826,7.719,B2,-41.9,14.0,,+18.7,-0.37,-3.71
Czernik 39,19 07 44,+04 20 00,38.648,-1.639,,,,,,,5.0,,,,
Dias 2,06 09 11,+04 35 35,203.966,-7.254,2835,14.15,0.61,8.90,,-358.0,11.0,,,,
NGC 2269,06 43 17,+04 37 30,207.887,0.299,1687,12.37,0.398,8.416,,8.8,3.0,,,,
Dolidze 22,06 23 18,+04 39 00,205.570,-4.110,,,,,,,7.0,,,,
NGC 6756,19 08 42,+04 42 18,39.089,-1.682,1507,14.55,1.18,7.79,B3,-44.2,4.0,,,,
NGC 2180,06 09 36,+04 42 42,203.910,-7.098,910,9.80,0.12,8.85,,-114.,11.0,,,,
Collinder 107,06 37 42,+04 44 00,207.154,-0.888,1738,12.87,0.54,7.00,B0,-26.9,29.0,,,,
Collinder 104,06 36 30,+04 49 00,206.943,-1.116,,,,,,,20.0,,,,
NGC 6773,19 15 03,+04 52 54,39.976,-3.003,,,,,,,8.0,,,,
Czernik 38,18 49 42,+04 56 00,37.128,2.633,1280,13.92,1.09,9.05,,58.8,10.0,,,,
NGC 2244,06 31 55,+04 56 30,206.306,-2.072,1445,12.23,0.463,6.896,O5,-52.2,29.0,,+36.6,-0.65,+0.67
Collinder 92,06 22 54,+05 07 00,205.109,-3.981,,,,,,,11.0,,,,
Berkeley 78,07 23 38,+05 22 00,211.789,9.597,,,,,,,2.0,,,,
NGC 2252,06 34 42,+05 22 00,206.248,-1.261,,,,,A0,,18.0,,,,
IC 4756,18 39 00,+05 27 00,36.381,5.242,484,9.02,0.192,8.699,B7,44.2,39.0,-0.06,-25.8,-0.14,-3.40
NGC 2186,06 12 07,+05 27 30,203.545,-6.193,1445,11.64,0.272,7.738,,-155.9,5.0,,,,
Archinal 1,18 54 49,+05 32 54,38.256,1.778,,,,,,,2.0,,,,
IC 4665,17 46 18,+05 43 00,30.619,17.082,352,8.27,0.174,7.634,B4,103.4,70.0,,-13.,-0.86,-8.10
Berkeley 26,06 50 15,+05 43 48,207.694,2.346,4300,15.50,0.75,9.60,,176.0,4.0,,,,
Berkeley 27,06 51 18,+05 46 00,207.780,2.595,5035,14.25,0.05,9.30,B8,228.,2.0,,,,
NGC 2143,06 03 07,+05 46 11,202.19,-8.02,800,9.52,0.00,9.15,,-111.6,25.2,,,2.85,+02.40
Collinder 97,06 31 18,+05 55 00,205.370,-1.758,630,9.00,0.00,8.00,B0,-19.3,25.0,,,-0.76,-2.50
Collinder 106,06 37 22,+05 56 59,206.03,-0.41,1600,11.73,0.23,6.74,B0,-11.4,62.4,,28.72,-1.98,+01.47
NGC 2202,06 16 51,+06 00 00,203.62,-4.90,900,9.77,0.00,8.74,,-76.9,14.4,,,0.42,+01.52
Chereul 2,21 37 18,+06 00 48,60.768,-32.569,97,4.93,,,,-52.2,,,,,
ASCC 34,07 10 30,+06 04 12,209.67,6.99,550,8.83,0.04,8.55,,66.9,36.0,,,-2.36,-1.87
Juchert 3,19 07 33,+06 17 10,40.361,-0.700,,,,,,,3.0,,,,
Czernik 27,07 03 22,+06 23 47,208.577,5.556,5800,14.28,0.15,8.80,,561.5,3.0,-0.02,,,
Berkeley 32,06 58 06,+06 26 00,207.952,4.404,3100,12.95,0.16,9.53,,238.0,6.0,-0.58,+101.0,,
NGC 6633,18 27 15,+06 30 30,36.011,8.328,376,8.44,0.182,8.629,B6,54.5,20.0,+0.00,-29.1,-0.21,-1.60
Kronberger 3,19 39 00,+06 46 00,44.458,-7.376,,,,,,,2.0,,,,
Juchert 18,06 31 28,+06 48 12,204.602,-1.312,,,,,,,2.1,,,,
NGC 2236,06 29 39,+06 49 48,204.370,-1.699,2930,13.82,0.479,8.538,,-86.9,7.0,,,,
Collinder 111,06 38 42,+06 54 00,205.343,0.327,,,,,,,3.0,,,,
Czernik 25,06 13 06,+06 59 00,202.309,-5.258,,,,,,,2.0,,,,
Dolidze 21,05 27 24,+07 04 00,196.585,-15.103,,,,,,,12.0,,,,
NGC 2394,07 28 36,+07 05 12,210.783,11.469,660,9.25,0.05,9.05,,131.1,8.0,,,,
Dolidze 17,05 22 24,+07 07 00,195.881,-16.143,,,,,,,12.0,,,,
ASCC 26,06 50 24,+07 15 00,206.35,3.06,800,9.92,0.13,8.09,,42.7,20.4,,8.00,-3.05,-0.50
Collinder 74,05 48 30,+07 24 00,199.031,-10.389,2510,13.18,0.38,9.11,,-452.6,5.0,,,,
NGC 2254,06 35 49,+07 40 24,204.327,0.047,2364,13.10,0.398,8.307,,1.9,5.0,,,,
Berkeley 22,05 58 24,+07 50 00,199.877,-8.079,7663,16.59,0.700,9.027,,-1076.9,1.0,-0.30,,,
NGC 6828,19 50 16,+07 54 00,46.82,-9.27,600,9.51,0.20,8.56,,-96.7,21.6,,-21.00,-1.12,-2.90
Basel 8,06 34 12,+08 05 00,203.779,-0.120,1328,11.76,0.370,8.102,,-2.8,29.0,,,,
Dolidze 19,05 23 42,+08 11 00,195.104,-15.317,,,,,,,23.0,,,,
Berkeley 31,06 57 36,+08 16 00,206.254,5.120,8272,14.84,0.080,9.313,,738.2,5.0,-0.50,+61.00,-4.30,-3.97
Basel 7,06 36 36,+08 21 00,203.816,0.530,1684,12.36,0.396,8.033,,15.6,5.0,,,,
NGC 2251,06 34 38,+08 22 00,203.577,0.106,1329,11.19,0.186,8.427,,2.5,10.0,-0.08,+24.7,,
NGC 2039,05 44 00,+08 41 30,197.575,-10.274,,,,,,,30.0,,,,
NGC 2063,05 46 43,+08 46 54,197.286,-10.766,,,,,,,9.0,,,,
Trumpler 5,06 36 42,+09 26 00,202.865,1.050,3000,14.18,0.58,9.61,,55.0,14.0,,,+1.46,-3.12
NGC 2459,07 52 02,+09 33 24,211.112,17.762,,,,,,,1.0,,,,
Alessi 14,06 30 27,+09 44 28,201.881,-0.175,,,,,,,1.4,,,,
NGC 2264,06 40 58,+09 53 42,202.936,2.196,667,9.28,0.051,6.954,O7,25.6,39.0,-0.15,+25.5,-1.13,-3.80
Collinder 95,06 31 04,+09 53 59,201.81,0.03,556,9.03,0.10,8.36,,0.3,24.0,,-11.00,-1.81,-4.62
Collinder 69,05 35 06,+09 56 00,195.048,-12.003,441,8.54,0.103,7.050,O8,-91.7,70.0,,,+0.45,-2.40
NGC 2312,06 58 47,+10 17 42,204.563,6.290,,,,,,,6.0,,,,
NGC 6709,18 51 18,+10 19 06,42.120,4.715,1075,11.10,0.304,8.178,B5,88.4,14.0,,-21.00,+0.96,-2.30
NGC 6724,18 56 46,+10 25 42,42.842,3.577,,,,,,,3.0,,,,
NGC 2141,06 02 55,+10 26 48,198.044,-5.810,4033,13.80,0.250,9.231,,-408.3,10.0,-0.26,+43.00,+1.38,-1.78
NGC 7193,22 03 03,+10 48 06,70.094,-34.279,,,,,,,13.0,,,,
NGC 2259,06 38 21,+10 53 00,201.762,2.075,3311,14.43,0.59,8.50,,119.9,3.0,+0.07,,,
NGC 1662,04 48 27,+10 56 12,187.695,-21.114,437,9.14,0.304,8.625,A0,-157.4,20.0,-0.09,-13.9,-1.93,-2.10
NGC 6525,18 02 06,+11 01 24,37.378,15.890,,,,,,,8.0,,,,
Berkeley 43,19 15 36,+11 13 00,45.652,-0.182,1355,15.37,1.52,8.60,,-4.3,5.0,,,,
NGC 6858,20 02 56,+11 15 30,51.360,-10.305,,,,,,,10.0,,,,
NGC 2678,08 50 02,+11 20 18,216.035,31.421,,,,,,,10.0,,,,
Chupina 3,08 51 27,+11 23 42,216.147,31.759,,,,,,,2.9,,,,
Dol-Dzim 2,05 23 54,+11 28 00,192.240,-13.560,,,,,,,10.0,,,,
Dolidze 35,19 26 24,+11 36 00,47.170,-2.095,,,,,,,5.0,,,,
NGC 6738,19 01 21,+11 36 54,44.398,3.102,,,,,,,15.0,,,,
Dias 8,19 52 06,+11 38 04,50.336,-7.821,2220,12.65,0.30,9.35,,-302.1,10.0,,,,
NGC 6837,19 53 08,+11 41 54,50.519,-8.009,,,,,,,3.0,,,,
NGC 2682,08 51 18,+11 48 00,215.696,31.896,908,9.97,0.059,9.409,B8,479.8,25.0,+0.00,+33.00,-8.62,-6.00
Chupina 5,08 53 01,+11 51 42,215.838,32.304,,,,,,,4.5,,,,
Dolidze 26,07 30 06,+11 54 00,206.508,13.901,,,,,,,23.0,,,,
NGC 2265,06 41 41,+11 54 18,201.225,3.268,,,,,,,9.0,,,,
Chupina 1,08 50 07,+11 56 42,215.399,31.694,,,,,,,5.0,,,,
NGC 0305,00 56 20,+12 04 00,124.825,-50.787,,,,,,,6.0,,,,
NGC 6840,19 55 18,+12 07 36,51.162,-8.253,,,,,,,6.0,,,,
NGC 6843,19 56 06,+12 09 48,51.293,-8.404,,,,,,,5.0,,,,
Alessi 19,18 19 04,+12 10 48,40.29,12.63,550,8.83,0.04,8.05,,120.3,90.0,,-5.10,-0.47,-6.97
Chupina 2,08 50 30,+12 17 42,215.070,31.925,,,,,,,2.1,,,,
Chupina 4,08 52 00,+12 22 42,215.159,32.293,,,,,,,5.0,,,,
NGC 2224,06 27 28,+12 35 36,198.968,0.544,,,,,,,13.0,,,,
NGC 2664,08 47 11,+12 36 06,214.350,31.314,,,,,,,8.0,,,,
Juchert 1,19 22 32,+12 40 00,47.727,-1.001,,,,,,,3.2,,,,
NGC 2194,06 13 45,+12 48 24,197.250,-2.349,3781,14.08,0.383,8.515,,-155.0,9.0,,,-0.31,-4.39
Luginbuhl-Skiff 1,06 14 48,+12 52 24,197.314,-2.093,3150,14.26,0.57,8.40,,-115.0,7.0,,,,
Berkeley 82,19 11 24,+13 04 00,46.815,1.586,860,12.84,1.021,7.493,,23.8,2.0,,,,
NGC 1663,04 48 58,+13 08 54,185.845,-19.735,700,9.85,0.20,9.30,,,12.0,,,,
NGC 2395,07 27 12,+13 36 30,204.605,13.988,512,8.92,0.120,9.070,,123.8,14.0,,,-3.36,-6.02
King 25,19 24 30,+13 42 00,48.865,-0.935,,,,,,,5.0,,,,
NGC 2355,07 16 59,+13 45 00,203.390,11.803,2200,12.08,0.12,8.85,,450.0,7.0,-0.07,+35.13,-2.5,-3.0
NGC 2169,06 08 24,+13 57 54,195.608,-2.934,1052,10.73,0.199,7.067,B1,-53.8,5.0,,+17.00,-4.21,-2.45
Ivanov 2,06 15 53,+14 16 00,196.213,-1.198,,,,,,,2.0,,,,
King 26,19 29 00,+14 52 00,50.410,-1.339,2600,16.00,1.27,8.64,,-60.8,2.0,,,,
NGC 7036,21 10 02,+15 31 00,64.544,-21.443,1000,10.31,0.1,9.5,,-365.6,4.0,,,,
Dol-Dzim 7,17 10 36,+15 32 00,36.294,29.166,,,,,F0,,5.0,,,,
Collinder 65,05 26 05,+15 41 59,188.86,-10.86,310,7.86,0.13,7.41,,-58.4,288.0,,17.40,1.16,-6.46
Berkeley 45,19 19 12,+15 43 00,50.040,1.145,2300,14.35,0.82,8.78,,46.0,2.0,,,,
Melotte 25,04 26 54,+15 52 00,180.064,-22.343,45,3.30,0.010,8.896,A2,-17.1,330.0,+0.17,,,
NGC 7772,23 51 46,+16 14 48,102.740,-44.273,1500,10.97,0.03,9.17,,-1047.1,3.0,,,,
NGC 1807,05 10 43,+16 31 18,186.088,-13.495,,,,,A2,,15.0,,,,
NGC 6950,20 41 04,+16 37 06,61.107,-15.198,,,,,,,15.0,,,,
NGC 1817,05 12 15,+16 41 24,186.156,-13.096,1972,12.51,0.334,8.612,A0,-446.8,16.0,-0.26,,+1.02,-6.51
NGC 2234,06 29 21,+16 43 22,195.584,2.846,,,,,,,25.0,,,,
Berkeley 29,06 53 18,+16 55 00,197.983,8.025,14871,13.92,0.157,9.025,,680.0,6.0,-0.18,,,
Dol-Dzim 1,02 47 30,+17 16 00,158.617,-37.435,,,,,A0,,14.0,,,,
Berkeley 47,19 28 36,+17 22 06,52.561,-0.058,1420,14.05,1.06,8.20,,-1.4,3.0,,,,
NGC 7084,21 32 33,+17 30 30,69.963,-24.302,,,,,,,16.0,,,,
Roslund 1,19 45 00,+17 31 12,54.60,-3.39,670,9.28,0.05,8.47,,-39.6,18.0,,,1.18,-7.08
NGC 6839,19 54 33,+17 56 18,56.114,-5.152,,,,,,,6.0,,,,
NGC 2304,06 55 11,+17 59 18,197.207,8.897,3991,13.32,0.10,8.90,,617.2,3.0,-0.32,,,
Harvard 20,19 53 06,+18 20 00,56.279,-4.654,1540,11.70,0.247,7.476,,-125.0,7.0,,,+1.07,-4.66
Alessi 11,20 21 24,+18 21 36,59.884,-10.340,,,,,,,24.0,,,-0.31,-9.64
ASCC 104,19 38 52,+18 41 24,54.90,-1.55,800,10.54,0.33,7.71,,-21.6,57.6,,-5.65,-0.09,-4.65
NGC 1647,04 45 55,+19 06 54,180.337,-16.772,540,9.81,0.370,8.158,B8,-155.8,40.0,,-2.0,-1.77,-2.00
Berkeley 44,19 17 12,+19 33 00,53.212,3.354,1800,15.62,1.40,9.11,,105.3,2.0,,,,
NGC 2632,08 40 24,+19 40 00,205.920,32.484,187,6.39,0.009,8.863,A0,100.4,70.0,+0.14,+34.4,-35.58,-12.90
Bochum 1,06 25 30,+19 46 00,192.431,3.401,2800,13.69,0.47,7.00,,166.3,18.0,,,,
NGC 2026,05 43 12,+20 08 00,187.234,-5.059,,,,,,,11.0,,,,
Collinder 399,19 25 24,+20 11 00,54.677,1.948,1291,11.72,0.377,8.205,,43.9,89.0,,,+0.34,-5.80
NGC 6802,19 30 35,+20 15 42,55.326,0.916,1124,12.88,0.848,8.870,B6,18.0,5.0,,,,
Roslund 3,19 58 42,+20 29 00,58.811,-4.682,1467,11.91,0.348,8.036,,-119.7,5.0,,-4.7,-1.61,-5.28
NGC 2175,06 09 39,+20 29 12,190.043,0.482,1627,12.91,0.598,6.953,,13.7,5.0,,+22.00,+1.80,-2.26
Berkeley 23,06 33 30,+20 33 00,192.606,5.446,6918,15.44,0.40,8.90,,656.6,4.0,+0.07,,,
Pismis 27,06 10 54,+20 36 00,190.085,0.793,,,,,,,5.0,,,,
Czernik 24,05 55 27,+20 52 59,188.059,-2.211,4100,14.74,0.54,9.25,,-158.2,5.0,-0.41,,,
NGC 6873,20 07 13,+21 06 06,60.451,-6.154,,,,,,,15.0,,,,
Czernik 40,19 42 36,+21 09 14,57.476,-1.100,3090,15.52,0.99,8.90,,-59.3,4.0,,,,
Dias 7,19 49 21,+21 10 12,58.279,-2.454,2540,13.30,0.42,9.30,,-108.7,10.0,,,,
NGC 6827,19 48 54,+21 12 00,58.252,-2.348,4100,16.32,1.05,8.90,,-168.0,4.0,,,,
NGC 2420,07 38 23,+21 34 24,198.107,19.634,3085,12.54,0.029,9.048,,1036.6,5.0,-0.26,+84.00,,
Berkeley 21,05 51 42,+21 47 00,186.840,-2.509,5000,15.85,0.76,9.34,,-218.9,5.0,-0.83,,,
ASCC 107,19 48 32,+21 57 35,58.86,-1.89,700,9.85,0.20,8.41,,-23.1,13.2,,-7.00,+0.89,-4.48
Basel 11b,05 58 12,+21 58 00,187.442,-1.114,1692,12.12,0.315,7.816,,-32.9,3.0,,,,
NGC 6793,19 23 13,+22 08 23,56.16,3.32,1100,10.73,0.17,8.64,,63.7,18.0,,,3.90,+01.09
Berkeley 72,05 50 18,+22 12 00,186.315,-2.575,3810,15.35,0.79,8.78,,-171.2,2.0,,,,
NGC 6938,20 34 42,+22 12 54,64.910,-10.743,,,,,,,7.0,,,,
Platais 4,05 06 53,+22 22 12,180.65,-10.90,276,7.98,0.25,8.24,,-52.2,150.0,,13.80,2.36,-6.33
NGC 6830,19 50 59,+23 06 00,60.135,-1.800,1639,12.63,0.501,7.572,B0,-51.5,5.0,,,+0.89,-2.76
Collinder 89,06 19 29,+23 17 59,188.65,3.83,800,11.00,0.48,7.50,B0,53.4,60.0,,26.23,0.42,-2.15
NGC 6823,19 43 09,+23 18 00,59.402,-0.144,1893,14.01,0.845,6.820,O7,-4.8,6.0,,+11.00,-1.41,-3.04
NGC 2129,06 00 41,+23 19 06,186.555,0.056,1515,12.90,0.646,7.318,B1,1.5,5.0,,-6.3,+2.22,-1.66
NGC 6659,18 33 59,+23 35 42,52.480,14.156,,,,,,,7.0,,,,
NGC 1750,05 03 55,+23 39 30,179.178,-10.695,630,10.05,0.34,8.30,,-116.9,20.0,,,-3.14,-2.91
NGC 1746,05 03 50,+23 46 12,179.07,-10.65,760,10.18,0.25,8.19,B5,-140.5,68.4,,2.00,-1.87,-3.07
Alessi 12,20 43 30,+23 46 48,67.41,-11.46,537,8.90,0.08,7.90,,-106.7,60.0,,,3.75,-4.66
NGC 1758,05 04 35,+23 47 54,179.155,-10.490,760,10.46,0.34,8.60,,-138.4,9.0,,,-1.44,-3.50
Roslund 2,19 45 25,+23 55 12,60.19,-0.28,2000,14.30,0.90,6.89,,-9.8,27.6,,-5.00,-1.88,-4.24
IC 2157,06 05 00,+24 00 00,186.382,1.246,2040,13.25,0.548,7.800,B0,44.4,5.0,,,-1.71,-3.90
NGC 2158,06 07 25,+24 05 48,186.634,1.781,5071,14.64,0.360,9.023,F0,157.6,5.0,-0.23,+28.00,,
Melotte 22,03 47 00,+24 07 00,166.571,-23.521,150,5.97,0.030,8.131,B5,-59.9,120.0,,+5.67,+19.88,-45.00
NGC 1802,05 10 15,+24 08 23,179.64,-9.24,400,8.78,0.25,8.66,,-64.2,36.0,,,-0.48,-8.23
IC 2156,06 04 51,+24 09 30,186.295,1.300,2100,13.70,0.67,8.40,,47.6,3.0,,,,
Dol-Dzim 8,17 26 12,+24 11 00,47.029,28.805,,,,,A5,,14.0,,,,
Kharchenko 1,06 08 48,+24 19 54,186.581,2.171,2520,12.94,0.30,8.0,,95.5,7.0,,,+2.14,-3.54
NGC 2168,06 09 00,+24 21 00,186.587,2.219,816,10.37,0.262,7.979,B3,31.6,25.0,-0.16,+17.7,+1.85,-3.00
ASCC 25,06 45 32,+24 36 00,190.18,9.72,1400,11.23,0.16,8.86,,236.4,25.2,,21.50,+0.96,-3.26
Dutra-Bica 84,06 09 28,+24 55 42,186.132,2.591,,,,,,,4.0,,,,
NGC 6800,19 27 07,+25 08 23,59.23,3.95,1000,11.24,0.40,8.59,A0,68.9,15.6,,,1.65,+04.27
Stock 1,19 35 48,+25 13 00,60.247,2.257,320,7.99,0.15,,A0,12.6,80.0,,,,
Czernik 41,19 51 01,+25 16 07,62.005,-0.701,1360,14.64,1.28,8.70,,-16.6,7.0,,,,
Saurer 5,19 39 35,+25 39 00,61.031,1.734,,,,,,,1.8,,,,
NGC 6904,20 21 48,+25 44 24,66.135,-6.311,,,,,,,8.0,,,,
NGC 1996,05 38 02,+25 46 12,181.80,-3.11,1400,11.20,0.15,8.45,,-76.0,24.0,,,0.58,-4.35
Dol-Dzim 4,05 35 54,+25 57 00,181.393,-3.410,,,,,,,25.0,,,,
Melotte 111,12 25 06,+26 06 00,221.353,84.025,96,4.95,0.013,8.652,A0,95.5,120.0,,,-10.84,-3.20
NGC 2248,06 34 35,+26 18 16,187.537,8.247,,,,,,,1.5,,,,
Dol-Dzim 3,05 33 42,+26 29 00,180.677,-3.538,,,,,B8,,10.0,,,,
NGC 6885,20 11 58,+26 29 00,65.530,-4.074,597,9.13,0.08,9.16,B5,-42.4,10.0,,,-2.64,-4.30
NGC 6815,19 40 44,+26 45 30,62.135,2.045,,,,,,,30.0,,,,
NGC 6882,20 11 47,+26 48 42,65.781,-3.849,,,,,,,5.0,,+0.7,+1.60,-9.80
NGC 2266,06 43 19,+26 58 12,187.790,10.294,3400,12.97,0.10,8.80,,607.6,5.0,,,,
Collinder 21,01 50 11,+27 04 00,138.733,-33.996,,,,,,,9.0,,,,
NGC 2331,07 06 59,+27 15 42,189.728,15.218,,,,,,,14.0,,,,
Turner 1,19 48 25,+27 17 35,63.453,0.829,1675,12.60,0.476,7.460,,24.2,4.0,,,,
ASCC 105,19 41 45,+27 22 47,62.78,2.16,500,8.77,0.09,8.00,,18.8,72.0,,-18.75,+0.91,-3.76
Dutra-Bica 83,05 52 05,+27 23 30,182.058,0.425,,,,,,,3.5,,,,
Dolidze 14,04 06 36,+27 26 00,167.550,-18.079,,,,,,,10.0,,,,
Latysev 1,02 52 00,+27 30 00,153.280,-28.174,,,,,,,330.0,,,,
NGC 7833,00 06 31,+27 38 30,110.895,-34.178,,,,,,,1.3,,,,
Kronberger 5,19 46 05,+27 50 00,63.660,1.548,,,,,,,6.0,,,,
Turner 8,19 45 16,+27 50 30,63.577,1.708,,,,,,,2.5,,,,
Kronberger 4,19 45 12,+28 09 35,63.845,1.880,,,,,,,1.0,,,,
NGC 6940,20 34 26,+28 17 00,69.860,-7.147,770,10.10,0.214,8.858,B8,-95.8,25.0,+0.01,+7.7,-1.88,-8.60
Berkeley 83,20 01 18,+28 37 00,66.057,-0.922,,,,,,,2.0,,,,
Czernik 19,04 57 09,+28 46 47,174.099,-8.832,2525,14.25,0.85,8.00,,-387.7,14.0,,,,
Czernik 23,05 49 42,+28 56 00,180.464,0.762,,,,,,,5.0,,,,
Berkeley 52,20 14 18,+28 58 00,67.891,-3.130,4900,18.10,1.50,9.30,,-267.5,2.0,,,,
Roslund 4,20 04 54,+29 13 00,66.984,-1.270,2510,15.07,0.991,7.447,,-55.6,5.0,,,-1.69,-5.20
Turner 9,19 44 49,+29 15 54,64.761,2.505,852,9.65,0.15,8.20,,37.2,33.0,,,,
NGC 6743,19 01 20,+29 16 36,60.367,10.922,,,,,,,7.0,,,,
NGC 1896,05 25 40,+29 17 59,177.34,-3.48,820,10.03,0.15,8.80,,-49.8,22.8,,,0.54,-8.03
NGC 6834,19 52 12,+29 24 30,65.698,1.189,2067,13.77,0.708,7.883,B2,42.9,5.0,,-6.8,-1.88,-4.20
Mandushev 1,19 42 00,+29 27 08,64.619,3.131,,,,,,,13.0,,,,
Berkeley 19,05 24 06,+29 36 00,176.901,-3.588,4831,14.66,0.40,9.49,,-302.3,4.0,,,,
ASCC 102,19 24 50,+29 57 00,63.27,6.64,1500,10.88,0.00,8.79,,173.4,21.6,,,-0.41,-2.45
ASCC 17,05 25 12,+30 10 12,176.56,-3.08,2000,12.50,0.32,7.12,,-107.5,30.0,,-16.00,+1.33,-6.39
NGC 6847,19 56 37,+30 12 48,66.882,0.783,,,,,,,30.0,,,,
Basel 4,05 48 30,+30 13 00,179.230,1.199,3000,13.78,0.45,8.30,B2,118.7,5.0,,,,
Berkeley 17,05 20 36,+30 36 00,175.646,-3.648,2700,14.33,0.70,10.08,,-171.8,7.0,-0.33,-84.00,,
Czernik 18,04 28 00,+30 56 00,168.287,-12.287,955,9.90,0.43,8.90,,-203.2,5.0,,,,
Dol-Dzim 9,18 08 48,+31 32 00,58.099,22.259,,,,,F0,,28.0,,,,
Platais 2,01 13 01,+32 04 48,128.23,-30.57,201,6.67,0.05,8.54,,-102.2,204.0,,0.10,13.21,-9.98
Saurer 6,19 49 05,+32 06 42,68.010,2.850,9330,17.24,0.77,9.29,,463.9,1.8,,,,
Berkeley 71,05 40 56,+32 16 42,176.626,0.898,3900,15.59,0.85,8.80,,61.1,5.0,,,,
IC 348,03 44 30,+32 17 00,160.490,-17.802,385,10.81,0.929,7.641,B6,-117.7,7.0,,,+7.29,-7.70
NGC 6846,19 56 28,+32 20 54,68.691,1.919,4450,16.50,1.05,8.60,,149.0,2.0,,,,
Loiano 1,19 58 21,+32 32 24,69.053,1.704,2700,13.52,0.44,8.40,,,6.0,,,,
NGC 2099,05 52 18,+32 33 12,177.635,3.091,1383,11.64,0.302,8.540,B9,74.6,14.0,+0.08,+7.7,+3.78,-7.09
Berkeley 69,05 24 36,+32 39 00,174.435,-1.787,2860,14.30,0.65,8.95,,-89.2,3.0,,,-0.25,-3.93
Dolidze 16,05 14 36,+32 43 00,173.176,-3.475,,,,,,,5.0,,,,
Dolidze 18,05 24 06,+33 18 00,173.767,-1.447,,,,,,,5.0,,,,
NGC 1893,05 22 44,+33 24 42,173.585,-1.680,3280,14.38,0.581,7.027,,-96.2,11.0,,-4.7,+0.54,-4.03
ASCC 100,19 01 37,+33 34 11,64.37,12.67,350,7.78,0.02,8.01,,76.8,37.2,,-22.89,+2.29,-1.51
ASCC 110,20 02 59,+33 34 11,70.45,1.40,800,9.98,0.15,8.75,,19.5,27.6,,-20.50,+0.60,-4.41
King 8,05 49 24,+33 38 00,176.395,3.119,6403,15.83,0.580,8.618,B0,348.4,4.0,-0.46,,,
NGC 7037,21 10 54,+33 45 48,79.133,-9.761,,,,,,,6.0,,,,
Roslund 5,20 10 00,+33 46 00,71.400,0.273,389,8.25,0.098,7.832,,1.9,50.0,,,+2.32,-1.50
Dolidze 20,05 28 36,+33 47 00,174.044,-0.528,,,,,,,5.0,,,,
Berkeley 84,20 04 43,+33 54 18,70.924,1.271,2025,13.90,0.76,8.08,,44.9,2.0,,,,
NGC 1960,05 36 18,+34 08 24,174.535,1.072,1318,11.29,0.222,7.468,B2,24.7,10.0,,-4.0,+0.15,-4.05
NGC 1931,05 31 25,+34 14 42,173.898,0.281,3086,14.73,0.738,7.002,,15.1,5.0,,,,
Berkeley 51,20 11 54,+34 24 06,72.147,0.291,3200,17.67,1.66,8.18,,16.3,2.0,,,,
Stock 8,05 28 08,+34 25 42,173.371,-0.183,1821,12.68,0.445,7.056,B0,-5.8,14.0,,,-0.99,-5.39
ASCC 109,19 53 59,+34 34 48,70.33,3.51,450,8.27,0.00,8.31,,27.6,60.0,,,+0.47,-2.23
Berkeley 49,19 59 31,+34 38 48,70.985,2.575,2035,16.40,1.57,8.20,,91.4,4.0,,,,
Kronberger 1,05 28 20,+34 46 52,173.100,0.047,,,,,,,1.5,,,,
Dolidze 15,05 04 36,+34 50 00,170.233,-3.893,,,,,,,18.0,,,,
Berkeley 50,20 10 24,+34 58 00,72.451,0.859,2100,14.62,0.97,8.40,,31.5,2.0,,,,
ASCC 10,03 27 00,+35 02 24,155.60,-17.79,700,9.53,0.10,8.65,,-213.9,57.6,,,-3.08,-1.01
ASCC 14,05 20 31,+35 13 12,171.83,-1.03,1100,10.77,0.18,8.61,,-19.8,26.4,,-16.87,-0.91,-5.98
NGC 2240,06 33 10,+35 15 00,179.21,11.84,450,8.79,0.17,9.50,,92.3,32.4,,,1.92,-12.88
NGC 1907,05 28 05,+35 19 30,172.619,0.306,1556,12.25,0.415,8.567,B3,8.3,7.0,,+0.1,-1.88,-1.63
Biurakan 2,20 09 12,+35 29 00,72.751,1.345,1106,11.33,0.360,7.011,,26.0,20.0,,,-2.52,-6.53
Ruprecht 175,20 45 12,+35 30 00,77.028,-4.604,,,,,,,14.0,,,,
Ruprecht 173,20 41 48,+35 33 00,76.640,-4.029,,,,,,,39.0,,,,
Turner 11,20 43 24,+35 35 18,76.871,-4.262,,,,,,,,,,,
Ruprecht 172,20 11 34,+35 35 59,73.11,1.01,1100,10.83,0.20,8.91,,19.4,19.2,,,-0.42,-3.97
ASCC 103,19 36 10,+35 40 11,69.48,7.22,700,9.23,0.00,8.37,,88.0,43.2,,,-1.35,-2.30
Biurakan 1,20 07 30,+35 42 00,72.74,1.76,1600,12.04,0.33,7.25,,49.1,26.4,,-8.48,-3.51,-6.24
NGC 6871,20 05 59,+35 46 36,72.645,2.054,1574,12.36,0.443,6.958,O6,56.4,29.0,,-7.7,-2.89,-5.65
NGC 0272,00 51 24,+35 49 54,122.931,-27.050,,,,,,,4.0,,,,
NGC 6883,20 11 19,+35 49 54,73.278,1.175,,,,,B3,,35.0,,,-2.89,-6.53
NGC 1912,05 28 40,+35 50 54,172.250,0.695,1066,10.91,0.248,8.463,B4,12.9,20.0,,-1,-0.05,-5.70
Dol-Dzim 11,20 51 00,+35 57 00,78.119,-5.241,,,,,A0,,5.0,,,,
Czernik 21,05 26 30,+36 00 00,171.880,0.415,3000,15.05,0.86,9.20,,21.7,7.0,,,,
NGC 7050,21 15 12,+36 10 24,81.533,-8.774,,,,,,,7.0,,,,
Upgren 1,12 35 00,+36 18 00,142.740,80.188,,,,,F3,,18.0,,,,
ASCC 101,19 13 37,+36 19 48,67.99,11.59,350,7.72,0.00,8.52,,70.3,43.2,,,+0.81,+1.87
NGC 7063,21 24 21,+36 29 12,83.058,-9.883,689,9.47,0.091,7.977,B8,-118.3,9.0,,,+0.64,-2.10
ASCC 15,05 22 37,+36 32 59,170.98,0.07,1400,11.60,0.28,8.60,,1.7,24.0,,,-0.08,-6.58
Dolidze 1,20 08 12,+36 33 00,73.538,2.094,,,,,,,5.0,,,,
Dolidze 47,20 41 36,+36 39 00,77.487,-3.323,,,,,,,5.0,,,,
Dolidze 4,20 17 48,+36 45 00,74.766,0.597,,,,,O,,2.0,,,,
Dolidze 3,20 15 42,+36 47 00,74.559,0.965,,,,,O,,6.0,,,,
Iskudarian 1,18 47 54,+36 51 00,66.359,16.526,,,,,,,110.0,,,,
NGC 1548,04 21 20,+36 55 00,162.895,-9.180,,,,,,,4.0,,,,
Stephenson 1,18 53 30,+36 55 00,66.863,15.515,390,8.08,0.040,7.731,B5,104.3,20.0,,,,
NGC 1778,05 08 04,+37 01 24,168.903,-2.015,1469,11.88,0.336,8.155,B6,-51.7,8.0,,+10.00,+3.33,-3.21
Ruprecht 174,20 43 30,+37 03 00,78.037,-3.377,,,,,,,8.0,,,,
Berkeley 87,20 21 42,+37 22 00,75.715,0.304,633,13.25,1.369,7.152,,3.4,10.0,,,,
NGC 1342,03 31 38,+37 22 36,154.952,-15.342,665,10.10,0.319,8.655,A2,-175.9,15.0,-0.16,-10.9,-1.15,-2.80
ASCC 111,20 11 13,+37 27 00,74.62,2.08,1600,11.95,0.30,7.05,,58.1,66.0,,-14.24,-0.45,-3.90
Dias 11,20 04 08,+37 28 30,73.884,3.275,,,,,,,,,,,
Dolidze 45,21 09 00,+37 36 00,81.741,-6.896,,,,,,,18.0,,,,
IC 4996,20 16 30,+37 38 00,75.353,1.306,1732,13.28,0.673,6.948,B0,39.5,6.0,,-22.,-0.53,-4.34
Dolidze 37,20 03 00,+37 41 00,73.941,3.576,,,,,,,8.0,,,,
Dolidze 41,20 18 49,+37 45 00,75.707,0.992,,,,,,,11.0,,,,
Berkeley 85,20 18 55,+37 45 33,75.726,0.981,1760,13.61,0.77,9.00,,30.1,10.0,,,,
NGC 6791,19 20 53,+37 46 18,69.959,10.904,4100,13.43,0.117,9.643,F2,775.6,10.0,+0.15,-57.00,-3.17,-7.74
NGC 0752,01 57 41,+37 47 06,137.125,-23.254,457,8.40,0.034,9.050,A2,-180.4,75.0,-0.08,+4.7,+7.50,-11.50
Dolidze 39,20 16 24,+37 52 00,75.536,1.453,,,,,,,12.0,,,,
Dolidze 40,20 18 49,+37 54 00,75.831,1.077,,,,,,,15.0,,,,
Roslund 7,20 52 22,+37 54 00,79.80,-4.22,700,9.85,0.20,8.67,,-51.5,51.6,,,1.20,+00.42
Stock 10,05 39 00,+37 55 48,171.62,3.55,380,8.15,0.08,8.42,B7,23.5,38.4,,-8.15,-3.34,-1.57
Feibelman 1,20 17 47,+38 02 00,75.827,1.320,,,,,,,5.0,,,,
Dol-Dzim 5,16 27 24,+38 04 00,60.866,43.875,,,,,,,27.0,,,,
Dolidze 42,20 19 42,+38 08 00,76.122,1.065,972,11.71,0.571,7.542,,18.1,7.0,,,,
Basel 6,20 06 48,+38 21 00,74.906,3.298,1548,12.75,0.580,7.977,,89.1,7.0,,,,
Dol-Dzim 6,16 45 24,+38 21 00,61.583,40.368,,,,,F5,,6.0,,,,
NGC 6913,20 23 57,+38 30 30,76.905,0.594,1148,12.61,0.744,7.111,B0,11.9,10.0,,-34.00,-4.40,-5.22
ASCC 113,21 12 00,+38 35 59,82.88,-6.65,450,8.27,0.00,8.14,,-52.1,56.4,,,+1.04,-4.22
Berkeley 86,20 20 24,+38 42 00,76.667,1.272,1112,13.01,0.898,7.116,,24.7,6.0,,-19.3,-4.09,-4.54
King 17,05 08 24,+39 05 00,167.291,-0.731,3240,14.35,0.58,8.22,,-41.3,5.0,,,,
Roslund 6,20 28 47,+39 15 35,78.06,0.26,450,8.45,0.06,8.47,,2.0,32.4,,,5.82,+02.03
NGC 1857,05 20 05,+39 19 30,168.405,1.259,,,,,A0,,6.0,,,,
vdBergh 130,20 17 42,+39 21 00,76.908,2.072,,,,,,,6.0,,,,
ASCC 108,19 53 49,+39 22 11,74.45,5.99,1100,10.36,0.05,8.64,,114.8,26.4,,,-0.21,-0.81
Dolidze 5,20 20 30,+39 23 00,77.241,1.644,,,,,,,10.0,,,,
Czernik 20,05 20 06,+39 28 00,168.286,1.444,,,,,,,4.0,,,,
ASCC 122,22 33 14,+39 36 36,95.91,-15.90,700,9.53,0.10,6.98,,-191.8,86.4,,-8.17,-0.29,-4.19
NGC 2192,06 15 17,+39 51 18,173.415,10.654,2500,12.11,0.04,9.30,,462.2,5.0,,,,
Dolidze 43,20 21 42,+39 57 00,77.839,1.775,,,,,,,20.0,,,,
Dolidze 10,20 26 18,+40 07 00,78.481,1.150,,,,,,,3.0,,,,
NGC 6819,19 41 18,+40 11 12,73.978,8.481,2360,12.60,0.238,9.174,A0,348.1,5.0,+0.07,+4.8,-3.14,-3.34
Waterloo 2,05 28 01,+40 22 18,168.410,3.094,570,9.31,0.17,,B8,30.8,4.0,,,,
Berkeley 54,21 03 12,+40 28 00,83.129,-4.143,2300,14.20,0.77,9.60,,-166.2,4.0,,,,
Dol-Dzim 10,20 05 48,+40 32 00,76.652,4.628,,,,,A0,,5.0,,,,
Collinder 419,20 17 59,+40 43 12,78.07,2.79,740,10.40,0.34,6.85,B2,36.0,30.0,,-8.19,-2.56,-6.99
NGC 6910,20 23 12,+40 46 42,78.683,2.013,1139,13.29,0.971,7.127,O8,40.0,10.0,,-30.00,-2.10,-5.24
Collinder 62,05 22 30,+41 00 00,167.277,2.684,,,,,,,28.0,,,,
NGC 2281,06 48 17,+41 04 42,174.901,16.881,558,8.93,0.063,8.554,A0,162.0,25.0,+0.13,+11.00,-4.49,-7.90
Dolidze 38,20 05 34,+41 12 00,77.19,5.02,1200,10.86,0.15,8.95,,105.0,24.0,,,-3.59,-6.49
IC 1311,20 10 18,+41 13 00,77.688,4.279,5333,15.99,0.760,8.625,,397.9,5.0,,,,
Dolidze 2,20 09 54,+41 22 00,77.774,4.423,,,,,,,6.0,,,,
Dolidze 6,20 20 48,+41 23 00,78.923,2.730,,,,,O,,5.0,,,,
Dolidze 11,20 26 30,+41 27 00,79.590,1.892,,,,,O,,5.0,,,,
NGC 7024,21 06 09,+41 29 18,84.265,-3.877,,,,,,,5.0,,,,
Collinder 421,20 23 10,+41 41 35,79.430,2.542,950,10.20,0.10,9.06,,42.1,14.4,,,-4.63,-9.73
Dolidze 44,20 29 42,+41 43 00,80.156,1.561,,,,,,,10.0,,,,
ASCC 12,04 49 55,+41 43 47,163.03,-1.86,500,8.96,0.15,8.42,,-16.2,30.0,,,-0.62,-1.86
Berkeley 56,21 17 42,+41 54 00,86.044,-5.170,12100,16.65,0.40,9.60,,-1090.3,3.0,,,,
Berkeley 70,05 25 42,+41 54 00,166.894,3.580,4158,14.58,0.48,9.67,,259.6,6.0,-0.32,,,
Dolidze 9,20 25 42,+41 56 00,79.898,2.293,,,,,A0,,5.0,,,,
Berkeley 68,04 44 30,+42 04 00,162.125,-2.408,1678,13.20,0.671,8.391,,-70.5,12.0,,,-3.18,-2.33
Dolidze 36,20 02 24,+42 09 00,77.69,6.03,900,10.45,0.22,8.83,,94.5,20.4,,,0.19,-0.95
Dolidze 8,20 24 24,+42 16 00,80.032,2.683,,,,,O,,5.0,,,,
NGC 7044,21 13 09,+42 29 42,85.890,-4.150,3161,14.33,0.590,9.279,,-228.8,6.0,,,,
Berkeley 12,04 44 36,+42 41 00,161.670,-1.991,3162,14.67,0.70,9.67,,-109.9,4.0,+0.07,,,
NGC 1039,02 42 05,+42 45 42,143.658,-15.613,499,8.71,0.070,8.249,B8,-134.3,35.0,-0.30,-7.8,-0.07,-7.10
Skiff 2,04 58 14,+43 00 48,163.007,0.145,2125,12.19,0.18,8.95,,5.4,5.0,,,,
Berkeley 14,05 00 12,+43 28 00,162.873,0.707,5500,15.31,0.52,9.20,,67.9,5.0,,,,
NGC 1664,04 51 06,+43 40 30,161.677,-0.446,1199,11.18,0.254,8.465,B8,-9.3,9.0,,+7.8,+1.96,-5.10
NGC 1582,04 31 53,+43 49 00,159.303,-3.039,1100,11.29,0.35,8.48,B8,,15.0,,,,
NGC 6866,20 03 55,+44 09 30,79.560,6.839,1450,11.33,0.169,8.576,A2,172.7,14.0,,,-3.33,-5.03
NGC 1193,03 05 32,+44 23 00,146.749,-12.199,4300,13.54,0.12,9.90,,-908.6,3.0,-0.29,,,
Berkeley 15,05 02 06,+44 30 43,162.258,1.619,3300,15.32,0.88,8.40,,93.2,8.0,,,,
ASCC 13,05 13 19,+44 34 48,163.40,3.26,800,10.14,0.20,7.71,,45.5,84.0,,-7.30,-0.75,-1.66
Collinder 428,21 03 12,+44 35 00,86.212,-1.410,,,,,,,10.0,,,,
NGC 0956,02 32 30,+44 35 36,141.178,-14.624,,,,,,,9.0,,,,
NGC 6997,20 56 40,+44 38 30,85.491,-0.495,620,10.64,0.54,8.00,,-5.4,8.0,,,,
NGC 2666,08 49 47,+44 42 12,175.916,39.278,,,,,,,11.0,,,,
Ruprecht 148,04 46 30,+44 44 00,160.336,-0.396,3028,14.58,0.702,7.724,,-20.9,4.0,,,,
Basel 14,21 21 18,+44 49 00,88.589,-3.591,964,11.94,0.65,8.30,,-60.4,5.0,,,,
ASCC 11,03 32 16,+44 50 24,150.56,-9.24,650,9.53,0.15,8.61,,-104.4,42.0,,-3.45,+0.15,-5.01
Berkeley 11,04 20 36,+44 55 00,157.082,-3.642,2881,15.23,0.947,7.719,,-183.0,5.0,,,+1.45,-2.37
NGC 6989,20 54 06,+45 14 24,85.654,0.238,,,,,,,10.0,,,,
NGC 1605,04 34 53,+45 16 12,158.574,-1.579,2559,15.05,0.97,7.61,,-70.5,6.0,,,,
Berkeley 18,05 22 12,+45 24 00,163.631,5.017,5800,15.24,0.46,9.63,,507.2,12.0,+0.02,,,
NGC 7039,21 10 48,+45 37 00,87.879,-1.705,951,10.30,0.131,7.820,B5,-28.3,14.0,,,-0.48,-2.99
NGC 7093,21 34 21,+45 57 54,91.043,-4.348,,,,,,,9.0,,,,
Barkhatova 1,20 53 42,+46 02 00,86.217,0.802,,,,,,,4.0,,,,
Berkeley 89,20 24 36,+46 03 00,83.160,4.822,3005,15.58,1.03,8.93,,252.6,3.0,,,,
Basel 12,21 10 30,+46 14 00,88.295,-1.246,1466,12.60,0.57,8.50,,-31.9,4.0,,,,
ASCC 124,22 48 07,+46 15 00,101.73,-11.48,600,9.36,0.15,8.48,,-119.4,36.0,,,+1.34,-2.41
NGC 7062,21 23 27,+46 22 42,89.959,-2.748,1480,12.25,0.452,8.465,A1,-71.0,5.0,,,-2.52,-5.83
NGC 6811,19 37 17,+46 23 18,79.210,12.015,1215,10.92,0.160,8.799,A0,252.9,14.0,,+7.1,-5.47,-7.53
NGC 1146,02 57 37,+46 26 16,144.487,-11.086,,,,,,,0.5,,,,
NGC 7209,22 05 07,+46 29 00,95.496,-7.339,1168,10.86,0.168,8.617,B9,-149.2,14.0,,,+1.53,+1.30
NGC 1883,05 25 54,+46 29 24,163.083,6.159,4800,14.12,0.23,9.00,,515.0,3.0,-0.22,-30.6,,
Basel 13,21 12 18,+46 34 00,88.750,-1.244,1236,11.51,0.34,8.80,,-26.8,10.0,,,,
ASCC 23,06 20 20,+46 40 11,167.52,14.42,600,9.11,0.07,8.45,,149.4,43.2,,,+1.31,-0.59
Berkeley 90,20 35 18,+46 50 00,84.877,3.784,2430,15.50,1.15,8.00,,160.4,5.0,,,,
ASCC 119,22 19 11,+46 54 00,97.73,-8.39,1000,10.31,0.10,8.83,,-145.9,25.2,,,-6.15,-6.06
NGC 7082,21 29 17,+47 07 36,91.199,-2.905,1442,11.53,0.237,8.233,,-73.1,25.0,-0.01,,-0.71,-4.27
NGC 1245,03 14 42,+47 14 12,146.647,-8.931,2876,13.22,0.300,8.704,B9,-446.5,9.0,+0.10,,,
IC 5146,21 53 24,+47 16 00,94.383,-5.495,852,11.49,0.593,6.00,B1,-81.6,20.0,,,-1.77,-1.70
NGC 7011,21 01 49,+47 21 12,88.126,0.607,,,,,,,3.0,,,,
NGC 6991,20 54 32,+47 27 00,87.39,1.60,700,9.23,0.00,9.11,,19.5,50.4,,-6.00,7.00,+09.26
NGC 1798,05 11 39,+47 41 30,160.703,4.850,3550,13.90,0.37,9.20,,300.1,5.0,,,,
IC 1369,21 12 06,+47 44 00,89.576,-0.419,2083,13.37,0.572,8.640,,-15.2,5.0,,,,
NGC 7071,21 26 39,+47 55 12,91.426,-2.024,,,,,,,3.0,,,,
NGC 7067,21 24 23,+48 00 36,91.216,-1.695,3600,15.11,0.75,8.00,B0,-39.4,3.0,,,,
Berkeley 88,20 21 36,+48 05 00,84.552,6.395,,,,,,,2.0,,,,
NGC 7092,21 31 48,+48 26 00,92.403,-2.242,326,7.61,0.013,8.445,A0,-12.8,29.0,,-7.5,-7.90,-20.10
Berkeley 91,21 10 52,+48 32 00,90.064,0.132,2400,15.00,1.00,8.70,,5.5,3.0,,,,
Aveni-Hunter 1,23 37 48,+48 31 12,110.55,-12.58,500,8.80,0.10,8.26,,-108.9,47.0,,,,
Melotte 20,03 22 00,+48 37 00,146.568,-5.862,185,6.61,0.090,7.854,B2,-18.9,300.0,,,,
Basel 15,21 15 54,+48 51 00,90.820,-0.105,1355,12.74,0.67,8.50,,-2.5,6.0,,,,
Platais 1,21 30 02,+48 58 36,92.561,-1.646,1268,11.62,0.357,8.244,,-36.4,10.0,,,-3.73,-3.97
NGC 7686,23 30 07,+49 08 00,109.513,-11.608,,,,,A0,,14.0,,,,
NGC 1724,05 03 32,+49 29 30,158.450,4.845,,,,,,,2.0,,,,
NGC 1513,04 09 57,+49 30 54,152.590,-1.574,1320,12.68,0.67,8.11,,-36.3,10.0,,,+4.95,-3.50
Alessi 1,00 53 27,+49 34 11,123.26,-13.30,800,9.82,0.10,8.85,,-184.0,54.0,,,6.51,-7.70
NGC 2126,06 02 32,+49 52 00,163.237,13.129,1200,11.00,0.20,9.10,,295,5.0,,,,
NGC 7243,22 15 08,+49 53 54,98.857,-5.524,808,10.22,0.220,8.058,B7,-77.8,29.0,,-16.00,-0.46,-1.20
NGC 6895,20 16 29,+50 13 48,85.887,8.281,,,,,,,30.0,,,,
NGC 1545,04 20 57,+50 15 12,153.359,0.184,711,10.20,0.303,8.448,B8,2.3,18.0,-0.06,-12.00,+0.25,+0.20
NGC 1624,04 40 38,+50 28 04,155.356,2.616,6025,16.38,0.80,6.60,,275,6.0,,,,
NGC 7801,00 00 21,+50 44 30,114.730,-11.315,,,,,,,8.0,,,,
Berkeley 67,04 37 49,+50 46 47,154.826,2.490,2450,14.40,0.79,9.00,,106.4,10.0,,,,
NGC 7058,21 21 53,+50 49 11,92.90,0.59,400,8.20,0.06,8.35,,4.1,9.6,,,7.33,+03.18
NGC 7031,21 07 12,+50 52 30,91.336,2.303,900,12.42,0.854,8.138,B5,36.2,14.0,,,,
Berkeley 53,20 55 56,+51 02 48,90.293,3.749,3100,17.17,1.52,9.09,,202.7,12.0,,,,
ASCC 126,23 06 17,+51 02 59,106.58,-8.46,800,9.82,0.10,7.26,,-117.7,36.0,,-12.69,-0.66,-3.01
NGC 1528,04 15 23,+51 12 54,152.057,0.258,776,10.25,0.258,8.568,A0,3.5,16.0,,-10.3,+1.37,-1.40
Barkhatova 2,21 44 18,+51 13 00,95.587,-1.548,,,,,,,4.0,,,,
NGC 1348,03 34 06,+51 24 30,146.969,-3.709,1820,14.46,1.02,8.11,,,6.0,,,,
ASCC 115,21 56 52,+51 28 47,97.45,-2.54,600,9.36,0.15,8.59,,-26.6,19.2,,-9.00,+0.15,-1.28
NGC 7086,21 30 27,+51 36 00,94.407,0.220,1298,13.07,0.807,8.142,A5,5.0,12.0,,-5.6,+0.98,+0.22
NGC 2165,06 11 04,+51 40 36,162.161,15.130,,,,,,,9.0,,,,
Berkeley 55,21 16 58,+51 45 32,93.027,1.798,1210,15.81,1.74,8.50,,38.0,5.0,,,,
King 7,03 59 00,+51 48 00,149.774,-1.019,2200,15.59,1.25,8.8,,-39.1,7.0,,,,
NGC 1790,05 11 07,+52 03 24,157.034,7.358,,,,,,,12.0,,,,
ASCC 112,20 16 26,+52 05 59,87.47,9.30,550,8.95,0.08,8.15,,88.9,26.4,,,-0.37,-0.73
NGC 7394,22 50 23,+52 08 06,104.794,-6.422,,,,,,,9.0,,,,
Czernik 15,03 23 12,+52 15 00,145.100,-3.966,,,,,,,4.0,,,,
NGC 7296,22 28 02,+52 19 00,101.882,-4.595,2390,12.80,0.15,8.00,,-191.5,4.0,,,,
Berkeley 98,22 42 38,+52 23 16,103.856,-5.648,3730,13.26,0.13,9.40,,-367.1,14.0,,,,
Czernik 16,03 30 48,+52 39 00,145.837,-2.986,,,,,,,5.0,,,,
Berkeley 9,03 32 37,+52 39 04,146.062,-2.828,820,12.02,0.79,9.60,,-40.6,4.0,,,,
NGC 1444,03 49 25,+52 39 30,148.096,-1.292,1199,12.60,0.712,7.964,B0,-27.0,4.0,,,+2.34,-1.95
NGC 1496,04 04 32,+52 39 42,149.847,0.187,1230,11.84,0.45,8.80,,4.0,4.0,,,,
King 5,03 14 45,+52 41 12,143.776,-4.287,1900,11.39,0.76,9.0,,-142.0,5.0,-0.38,-52.00,,
Stock 12,23 35 34,+52 41 23,111.44,-8.48,400,8.16,0.05,8.45,B9,-59.0,44.4,,,7.92,-1.81
Berkeley 13,04 55 52,+52 48 00,155.066,5.927,2470,14.01,0.66,9.00,,254.9,7.0,,,,
IC 1434,22 10 30,+52 50 00,99.937,-2.700,,,,,,,6.0,,,,
NGC 1708,05 03 25,+52 50 59,155.74,6.85,600,9.88,0.32,8.76,,71.6,25.2,,,-3.52,+00.39
Waterloo 1,04 18 36,+52 51 30,151.269,1.782,4400,16.01,0.90,,O9.5,136.8,5.0,,,,
Mayer 2,04 19 45,+53 10 00,151.176,2.124,,,,,,,3.0,,,,
NGC 1220,03 11 40,+53 20 42,143.036,-3.963,1800,13.45,0.70,7.778,,-124.4,4.0,,,,
Latysev 2,13 44 24,+53 30 00,106.137,61.867,,,,,,,300.0,,,,
NGC 7128,21 43 57,+53 42 54,97.342,0.429,2307,14.97,1.018,7.254,B2,17.3,4.0,,-48.0,,
Juchert 11,03 47 18,+53 54 35,147.071,-0.508,2590,17.00,1.59,8.93,,-23.0,5.0,,,,
ASCC 114,21 40 01,+53 58 12,97.07,1.00,550,9.51,0.26,7.75,,9.6,19.2,,-22.00,-3.62,-3.38
IC 1442,22 16 30,+54 03 00,101.363,-2.203,2346,13.53,0.541,6.982,,-90.2,5.0,,,-2.92,-2.82
ASCC 123,22 42 35,+54 15 35,104.74,-4.00,250,7.30,0.10,8.41,,-17.4,153.6,,-6.46,+12.50,-1.06
NGC 7438,22 57 21,+54 20 24,106.70,-4.90,600,10.13,0.40,8.93,,-51.3,27.6,,,1.53,-1.18
NGC 7245,22 15 11,+54 20 36,101.368,-1.852,2106,13.08,0.473,8.246,,-68.1,5.0,,,,
King 9,22 15 30,+54 24 00,101.438,-1.831,7900,15.64,0.37,9.50,,-252.4,3.0,,,,
ASCC 116,21 58 33,+54 29 24,99.49,-0.32,5000,15.08,0.51,7.03,,-27.9,21.6,,-30.60,-3.51,-4.74
ASCC 128,23 20 34,+54 35 59,109.93,-5.96,900,10.17,0.13,8.44,,-93.5,42.0,,,-1.08,-1.57
NGC 7127,21 43 41,+54 37 48,97.907,1.150,,,,,,,5.0,,,,
NGC 7175,21 58 46,+54 49 06,99.717,-0.075,,,,,,,29.0,,,,
ASCC 121,22 30 43,+54 54 00,103.56,-2.59,2500,12.92,0.30,7.73,,-113.0,27.6,,-64.30,-2.49,-0.70
Czernik 12,02 39 12,+54 55 00,138.079,-4.754,,,,,,,3.0,,,,
Alessi 2,04 46 15,+55 13 47,152.29,6.36,501,9.06,0.18,8.60,,55.5,33.6,,,-0.08,+00.31
ASCC 3,00 31 08,+55 16 47,120.02,-7.48,1700,11.68,0.17,7.90,,-221.3,25.2,,-37.00,-1.92,-1.25
Chereul 1,14 29 04,+55 23 30,97.639,56.679,105,5.11,,,,87.7,,,,,
NGC 7226,22 10 26,+55 23 54,101.405,-0.596,2616,13.75,0.536,8.436,,-27.2,2.0,,,,
Berkeley 96,22 29 24,+55 24 00,103.661,-2.066,3087,14.40,0.630,6.822,,-111.3,2.0,,,,
NGC 0744,01 58 33,+55 28 24,132.404,-6.159,1207,11.60,0.384,8.248,B9,-129.5,5.0,,,-1.34,+1.15
Stock 11,23 32 54,+55 29 00,111.900,-5.697,,,,,,,10.0,,,,
ASCC 129,23 28 01,+55 35 59,111.27,-5.37,1000,10.56,0.18,8.69,,-93.6,25.2,,,-1.07,-4.12
ASCC 2,00 19 51,+55 42 35,118.46,-6.89,1200,10.71,0.10,8.83,,-144.0,36.0,,,-0.91,-3.94
Dolidze 46,23 21 54,+55 46 00,110.515,-4.931,,,,,,,12.0,,,,
NGC 2013,05 44 01,+55 47 36,156.513,13.417,,,,,,,4.0,,,,
NGC 0657,01 43 21,+55 50 11,130.221,-6.299,,,,,,,4.0,,,,
ASCC 5,00 57 57,+55 50 24,123.85,-7.02,1500,11.65,0.25,7.03,,-183.3,15.6,,-43.00,-3.10,-2.91
Berkeley 94,22 22 42,+55 51 00,103.095,-1.185,2630,13.98,0.608,6.996,,-54.4,3.0,,,+3.32,-1.10
Trumpler 2,02 37 18,+55 59 00,137.377,-3.971,651,10.07,0.324,8.169,B9,-45.1,17.0,,+2.4,+1.86,-5.00
Stock 19,00 04 41,+56 05 00,116.403,-6.195,,,,,B5,,4.0,,,,
NGC 6856,19 59 17,+56 07 48,89.683,13.527,,,,,,,2.0,,,,
King 6,03 28 06,+56 27 00,143.361,-0.076,871,11.25,0.50,8.34,B8,-1.2,10.0,+0.46,,,
IC 1590,00 52 48,+56 37 00,123.123,-6.243,2940,13.33,0.32,6.54,B0,-319.7,29.0,,,,
Berkeley 102,23 38 42,+56 38 00,113.013,-4.831,2600,14.20,0.69,8.78,,-219.0,5.0,,,,
NGC 7789,23 57 24,+56 42 30,115.532,-5.385,2337,12.52,0.217,9.235,B9,-219.3,25.0,-0.08,-64.00,,
Stock 4,01 52 58,+57 04 11,131.25,-4.81,1200,10.71,0.10,8.70,B5,-100.6,25.2,,,1.47,+01.18
Berkeley 57,22 55 08,+57 05 54,107.613,-2.273,4150,15.20,0.75,9.15,,-164.6,5.0,,,,
NGC 0869,02 19 00,+57 07 42,134.632,-3.741,2079,13.37,0.575,7.069,B0,-135.6,18.0,,-53.00,-0.92,-1.66
NGC 0884,02 22 18,+57 08 12,135.052,-3.582,2345,13.59,0.560,7.032,B0,-146.5,18.0,,-40.5,-1.61,+0.17
ASCC 120,22 30 36,+57 12 35,104.73,-0.60,2500,13.91,0.62,7.08,,-26.2,36.0,,-60.79,-2.99,-1.54
Alicate 1,03 59 12,+57 14 00,146.262,3.128,4000,16.08,0.67,6.48,,218.3,2.0,,,,
NGC 7235,22 12 25,+57 16 12,102.701,0.782,2823,15.15,0.934,7.072,B0,38.5,5.0,,-52.00,-4.03,-2.11
NGC 7352,22 39 43,+57 23 42,105.896,-1.054,,,,,,,5.0,,,,
Trumpler 37,21 39 06,+57 30 00,99.312,3.734,835,11.07,0.470,7.054,O6,54.4,89.0,,+22.3,-1.58,-1.70
Berkeley 92,21 24 47,+57 32 00,97.926,5.070,,,,,,,2.0,,,,
NGC 0957,02 33 21,+57 33 36,136.287,-2.645,1815,13.90,0.842,7.042,B1,-83.8,10.0,,-36.00,+1.11,+0.28
NGC 7055,21 19 30,+57 34 12,97.449,5.597,,,,,,,3.0,,,,
ASCC 6,01 47 13,+57 43 47,130.34,-4.34,1200,11.33,0.30,8.17,,-90.8,36.0,,-20.00,-1.02,-1.18
ASCC 9,02 46 55,+57 43 47,137.87,-1.76,2900,15.10,0.90,6.79,,-89.1,20.4,,-41.75,+0.76,-3.03
NGC 7281,22 25 19,+57 49 11,104.44,0.29,1620,12.60,0.50,7.86,,8.2,24.0,,,-0.46,-2.41
Stock 21,00 29 49,+57 55 11,120.05,-4.83,1100,11.45,0.40,8.72,A1,-92.6,16.8,,,-0.12,-1.52
NGC 7261,22 20 11,+58 07 18,104.037,0.910,1681,14.13,0.969,7.670,B2,26.7,5.0,,,,
NGC 7380,22 47 21,+58 07 54,107.141,-0.884,2222,13.60,0.602,7.077,O6,-34.3,20.0,,-39.00,-1.74,-2.52
King 2,00 51 00,+58 11 00,122.874,-4.688,5750,14.76,0.31,9.78,,-469.9,5.0,,,,
King 18,22 52 06,+58 17 00,107.768,-1.031,2340,13.80,0.63,8.40,,-42.1,5.0,,,,
NGC 0457,01 19 35,+58 17 12,126.635,-4.383,2429,13.39,0.472,7.324,B2,-185.6,20.0,,-34.00,-0.61,-1.90
IC 361,04 19 00,+58 18 00,147.484,5.701,1070,13.61,1.117,7.718,,106.3,6.0,,,,
Basel 10,02 18 48,+58 19 00,134.300,-2.615,1944,13.84,0.774,7.608,,-88.7,2.0,,,,
Juchert 9,03 55 21,+58 23 30,145.120,3.680,4400,15.67,0.79,7.60,,282.4,3.0,,,,
King 20,23 33 17,+58 28 33,112.848,-2.857,1900,13.41,0.65,8.30,,-94.7,5.0,,,,
Czernik 14,03 16 54,+58 36 00,140.929,0.906,,,,,,,4.0,,,,
Czernik 8,02 33 00,+58 44 00,135.796,-1.579,1409,13.23,0.803,7.904,,-38.8,2.0,,,,
Alessi 20,00 10 33,+58 45 35,117.64,-3.69,450,8.95,0.22,8.22,,-29.0,36.0,,,7.48,-2.61
Berkeley 66,03 04 18,+58 46 00,139.434,0.218,5200,17.46,1.25,9.70,,19.8,4.0,,,,
NGC 0436,01 15 58,+58 48 42,126.111,-3.909,3014,13.82,0.460,7.926,B5,-205.5,5.0,,-74.4,,
ASCC 7,01 58 55,+58 58 12,131.54,-2.77,2000,13.06,0.50,7.36,,-96.7,30.0,,-49.00,-0.57,-3.08
King 4,02 35 42,+59 00 00,136.015,-1.198,3172,15.18,0.863,7.605,,-66.3,5.0,,,,
Berkeley 97,22 39 30,+59 01 00,106.656,0.379,1800,13.60,0.75,7.30,,11.9,2.0,,,,
Tombaugh 5,03 47 48,+59 03 00,143.942,3.573,1750,13.70,0.80,8.30,,110,14.0,,,,
Berkeley 95,22 28 18,+59 08 00,105.471,1.203,3260,16.80,1.36,7.55,,68.4,3.0,,,,
King 10,22 54 54,+59 10 00,108.481,-0.396,3379,16.17,1.138,7.446,,-23.4,4.0,,,,
Stock 2,02 15 00,+59 16 00,133.334,-1.694,303,8.59,0.38,8.23,B8,-9.0,45.0,,,+17.29,-13.10
Berkeley 103,23 45 12,+59 18 00,114.557,-2.490,2100,14.70,1.00,8.70,,-91.2,2.0,,,,
NGC 6832,19 48 15,+59 25 18,92.005,16.349,,,,,,,15.0,,,,
ASCC 8,02 20 49,+59 36 36,134.02,-1.33,2200,13.42,0.55,6.76,,-51.1,36.0,,-42.09,-1.24,+0.57
Czernik 11,02 36 35,+59 38 00,135.870,-0.571,,,,,,,5.0,,,,
Czernik 9,02 33 32,+59 53 12,135.417,-0.487,1660,14.36,1.05,8.80,,-14.1,10.0,,,,
Czernik 42,22 39 48,+59 54 54,107.124,1.147,,,,,,,2.0,,,,
NGC 7429,22 56 00,+59 58 24,108.955,0.272,,,,,,,14.0,,,,
NGC 7795,23 58 37,+60 02 06,116.376,-2.163,,,,,,,21.0,,,,
Stock 23,03 16 11,+60 02 59,140.08,2.09,380,8.70,0.26,7.51,B6,13.9,21.6,,-16.75,-1.34,-1.11
NGC 0433,01 15 11,+60 07 36,125.888,-2.609,2323,14.50,0.86,7.50,B0,-105.7,2.0,,,,
Czernik 2,00 43 42,+60 09 00,121.968,-2.707,,,,,,,10.0,,,,
NGC 0743,01 58 37,+60 09 18,131.203,-1.633,,,,,,,6.0,,,,
Czernik 10,02 33 54,+60 10 00,135.352,-0.211,,,,,,,4.0,,,,
NGC 0129,00 30 00,+60 13 06,120.270,-2.543,1625,12.75,0.548,7.886,B5,-72.1,19.0,,-38.5,-1.06,+1.60
Berkeley 2,00 25 18,+60 24 00,119.707,-2.308,5250,16.08,0.8,8.9,,-211.4,2.0,,,,
Collinder 33,02 59 16,+60 24 00,138.09,1.34,1000,11.24,0.40,8.36,,23.4,43.2,,-6.75,2.70,+03.17
Berkeley 65,02 39 00,+60 25 00,135.834,0.268,2274,15.26,1.121,6.995,,10.6,5.0,,,,
Collinder 34,03 00 54,+60 25 00,138.026,1.500,,,,,,,25.0,,,,
IC 1848,02 51 12,+60 26 00,137.191,0.920,2002,13.36,0.598,6.840,O7,32.1,18.0,,-22.00,-5.15,+0.35
Markarian 50,23 15 18,+60 28 00,111.350,-0.225,2114,14.14,0.810,7.095,B0,-8.3,2.0,,,,
Berkeley 1,00 09 36,+60 28 30,117.796,-1.979,2420,14.35,0.78,8.60,,-83.6,5.0,,,,
King 19,23 08 18,+60 31 00,110.570,0.144,1967,13.16,0.547,8.557,B6,4.9,5.0,,,+6.48,+5.98
NGC 7510,23 11 03,+60 34 12,110.903,0.064,2075,14.24,0.855,7.578,O9,2.3,6.0,,,,
NGC 0581,01 33 23,+60 39 00,128.053,-1.804,2194,12.89,0.382,7.336,B2,-69.1,5.0,,-37.00,-1.60,+0.66
Stock 7,02 29 36,+60 39 00,134.65,0.10,698,11.10,0.606,7.214,B2,0.0,5.0,,-8.0,-3.33,+0.24
NGC 6939,20 31 30,+60 39 42,95.903,12.304,1185,11.36,0.320,9.346,B8,252.5,10.0,+0.02,-42.00,,
NGC 0659,01 44 24,+60 40 24,129.375,-1.534,1938,13.46,0.652,7.548,B0,-51.9,5.0,,,-2.67,+1.07
NGC 7419,22 54 20,+60 48 54,109.134,1.120,1382,16.37,1.828,7.283,,27.0,5.0,,,,
Dolidze 12,00 41 00,+60 51 00,121.660,-1.996,,,,,,,18.0,,,,
Pfleiderer 3,23 08 11,+60 52 24,110.695,0.479,,,,,,,4.0,,,,
Berkeley 60,00 17 42,+60 56 00,118.844,-1.670,4365,15.87,0.86,8.20,,-127.2,3.0,+0.07,,,
Berkeley 58,00 00 12,+60 58 00,116.753,-1.289,3715,14.55,0.55,8.40,,-83.6,5.0,,,,
Berkeley 6,01 51 12,+61 05 00,130.094,-0.955,2300,14.25,0.78,8.00,,-38.3,5.0,,,,
NGC 0189,00 39 35,+61 05 06,121.499,-1.744,752,10.68,0.42,7.00,A0,-22.9,3.0,,,,
ASCC 118,22 08 23,+61 05 59,104.48,4.21,900,10.70,0.30,7.02,,66.1,25.2,,-42.00,-2.19,-4.03
King 13,00 10 06,+61 10 00,117.968,-1.306,3100,15.00,0.82,8.50,,-70.7,5.0,,,,
NGC 7790,23 58 24,+61 12 30,116.589,-1.008,2944,13.99,0.531,7.749,B4,-51.8,5.0,,-78.0,-0.73,-2.14
NGC 0663,01 46 09,+61 14 06,129.467,-0.941,1952,13.87,0.780,7.209,B1,-32.1,14.0,,-32.0,-1.49,-2.30
Czernik 4,01 35 24,+61 16 00,128.179,-0.945,,,,,,,4.0,,,,
Trumpler 1,01 35 42,+61 17 00,128.224,-1.133,2563,13.85,0.582,7.480,B2,-50.7,3.0,,,,
Czernik 43,23 25 48,+61 19 11,112.841,0.134,2500,14.16,0.70,7.70,,5.7,20.4,,-58.05,-2.77,-2.20
NGC 0103,00 25 16,+61 19 24,119.797,-1.389,3026,13.66,0.406,8.126,B3,-73.4,4.0,,,,
Czernik 5,01 55 06,+61 20 00,130.491,-0.601,,,,,,,2.0,,,,
NGC 7788,23 56 45,+61 23 54,116.434,-0.782,2374,12.75,0.283,7.593,B4,-32.4,4.0,,,-3.07,-1.71
IC 1805,02 32 42,+61 27 00,134.726,0.919,1886,13.93,0.822,6.822,O5,30.2,20.0,,-26.00,-2.10,-1.57
Czernik 1,00 07 38,+61 28 30,117.726,-0.953,,,,,,,4.0,,,,
NGC 0136,00 31 31,+61 30 36,120.558,-1.270,5220,15.76,0.70,8.40,,-115.7,1.5,,,,
ASCC 4,00 53 09,+61 34 48,123.13,-1.29,750,10.31,0.30,8.34,,-16.9,48.0,,-9.55,+0.11,-1.48
NGC 0381,01 08 19,+61 35 00,124.939,-1.223,1148,11.54,0.40,8.505,A2,-24.5,6.0,+0.07,,+0.87,-1.34
NGC 7654,23 24 48,+61 35 36,112.819,0.434,1421,12.77,0.646,7.764,B6,10.8,15.0,,-35.5,-0.56,+0.90
NGC 1027,02 42 40,+61 35 42,135.758,1.525,772,10.45,0.325,8.203,B3,20.5,20.0,,+15.0,-1.90,+1.60
Frolov 1,23 57 25,+61 37 48,116.56,-0.57,2560,13.90,0.60,7.66,,-25.5,18.0,,,-5.91,-1.35
Mayer 1,00 21 54,+61 44 24,119.44,-0.93,1429,12.02,0.40,7.74,,-23.2,24.0,,-20.9,-5.27,-5.87
Harvard 21,23 54 06,+61 46 00,116.206,-0.354,,,,,,,3.0,,,,
NGC 0225,00 43 39,+61 46 30,122.011,-1.083,657,9.94,0.274,8.114,B8,-12.4,12.0,,,-4.95,-0.50
Tombaugh 4,02 29 10,+61 47 42,134.207,1.082,2170,14.81,1.01,9.00,,46.5,3.0,,,,
IC 166,01 52 30,+61 50 00,130.071,-0.189,3970,16.25,1.050,8.629,,-13.1,7.0,-0.17,,,
King 15,00 32 54,+61 52 00,120.748,-0.926,3162,14.67,0.70,8.40,,-51.1,3.0,+0.07,,,
NGC 0654,01 44 00,+61 53 06,129.082,-0.357,2041,14.24,0.868,7.148,B0,-12.7,5.0,,-33.8,-1.34,-0.72
Czernik 17,03 52 24,+61 57 00,142.557,6.185,,,,,,,4.0,,,,
Czernik 44,23 33 30,+61 57 00,113.908,0.452,,,,,,,4.0,,,,
Stock 24,00 39 42,+61 57 00,121.552,-0.890,2818,13.80,0.50,8.08,B9,-43.8,5.0,,,,
King 12,23 53 00,+61 58 00,116.124,-0.130,2378,13.71,0.590,7.037,,-5.4,3.0,,,,
Stock 17,23 46 00,+62 11 00,115.123,0.319,2144,13.94,0.736,6.775,B0,11.9,1.0,,,,
NGC 0366,01 06 26,+62 13 48,124.678,-0.591,1785,15.15,1.256,7.410,B0,-18.4,3.5,,,,
Czernik 7,02 02 24,+62 15 00,131.159,0.524,,,,,,,4.0,,,,
ASCC 117,22 04 58,+62 16 12,104.85,5.39,1200,11.33,0.30,6.67,,112.7,42.0,,-11.39,-2.31,+0.03
Pfleiderer 4,23 50 53,+62 19 24,115.965,0.274,,,,,,,1.3,,,,
NGC 1502,04 07 50,+62 19 54,143.672,7.658,821,11.92,0.759,7.051,B0,109.4,8.0,,-18.00,+0.49,+0.50
Stock 3,01 12 18,+62 20 00,125.351,-0.440,,,,,B0,,5.0,,,,
Czernik 13,02 44 42,+62 21 00,135.659,2.310,3961,15.33,0.755,6.854,,159.7,4.0,,,,
Berkeley 7,01 54 12,+62 22 00,130.138,0.376,2570,14.53,0.80,6.60,,16.9,4.0,,,,
ASCC 130,23 52 47,+62 26 23,116.20,0.33,3400,14.27,0.52,7.03,,19.6,18.0,,,-1.22,+0.35
NGC 7160,21 53 40,+62 36 12,104.012,6.457,789,10.65,0.375,7.278,B1,88.7,5.0,,-20.00,-1.57,-1.60
Stock 20,00 25 15,+62 37 11,119.92,-0.10,909,10.41,0.20,8.53,B5,-1.6,19.2,,,-0.40,-1.12
ASCC 1,00 09 35,+62 40 48,118.15,0.19,4000,13.51,0.16,8.25,,13.3,24.0,,-76.15,-2.07,+0.46
King 21,23 49 56,+62 41 54,115.946,0.663,2103,14.36,0.886,7.163,B0,25.0,4.0,,,,
ASCC 125,22 56 16,+62 45 00,110.17,2.76,1500,13.08,0.71,7.01,,72.2,66.0,,-17.93,-2.23,-3.44
Czernik 3,01 03 06,+62 47 00,124.265,-0.058,,,,,,,1.5,,,,
Czernik 6,02 02 00,+62 50 00,130.887,1.056,,,,,,,2.0,,,,
Berkeley 5,01 47 48,+62 56 00,129.293,0.760,6200,18.00,1.30,8.90,,82.2,5.0,,,,
King 14,00 31 54,+63 10 00,120.729,0.379,2593,13.35,0.414,7.924,B2,17.2,6.0,,,,
Trumpler 3,03 11 49,+63 11 23,138.01,4.50,690,10.12,0.30,10.12,B5,54.1,60.0,,,-2.42,+00.89
Pismis-Moreno 1,22 18 46,+63 16 12,106.72,5.31,900,11.32,0.50,7.55,,83.3,19.2,,-23.25,0.31,-0.39
NGC 0146,00 33 03,+63 18 06,120.868,0.504,3032,13.90,0.480,7.822,B3,26.7,7.0,,,,
NGC 0559,01 29 31,+63 18 24,127.193,0.750,1258,12.95,0.790,7.748,,16.5,6.0,,,,
NGC 0133,00 31 19,+63 21 00,120.678,0.566,630,10.86,0.60,7.00,A4,6.2,7.0,,,-0.70,-0.40
Berkeley 104,00 03 30,+63 35 00,117.630,1.206,4365,14.59,0.45,8.89,,91.9,3.0,+0.07,,,
Berkeley 63,02 19 36,+63 43 00,132.506,2.496,3305,15.40,0.90,8.70,,143.9,3.0,,,,
NGC 886,02 23 27,+63 46 12,132.89,2.69,1700,12.39,0.40,8.48,,79.8,18.0,,,1.24,+01.56
Berkeley 100,23 25 58,+63 46 48,113.660,2.458,3355,16.38,1.21,8.20,,143.9,2.0,,,,
Stock 6,02 23 42,+63 52 00,132.881,2.792,,,,,A2,,14.0,,,,
Berkeley 93,21 56 12,+63 56 00,105.072,7.319,5600,18.39,1.5,8.0,,713.4,2.0,,,,
Berkeley 62,01 01 00,+63 57 00,123.982,1.098,1837,13.96,0.852,7.185,,35.2,5.0,,,,
NGC 0637,01 43 04,+64 02 24,128.546,1.732,2160,13.64,0.634,6.980,B0,65.3,3.0,,-46.00,,
Dias 1,00 42 35,+64 04 05,121.964,1.213,1690,14.49,1.08,7.10,,35.8,4.0,,,,
Dolidze 13,00 50 00,+64 08 00,122.775,1.262,,,,,,,10.0,,,,
King 16,00 43 45,+64 11 08,122.095,1.326,1920,14.18,0.89,,B0,44.4,5.0,,,,
Berkeley 101,23 32 47,+64 12 30,114.504,2.631,2500,15.43,1.11,8.85,,114.8,2.0,,,,
Stock 5,02 04 30,+64 21 36,130.73,2.60,1100,11.45,0.40,7.73,B0,49.9,27.6,,-19.30,-0.85,-1.51
King 1,00 22 04,+64 22 50,119.763,1.690,1900,13.56,0.70,9.30,,56.0,9.0,,,,
Berkeley 4,00 45 01,+64 23 05,122.238,1.522,2460,14.53,0.83,7.10,,65.3,24.0,,,-1.29,+00.12
NGC 0609,01 36 23,+64 32 18,127.740,2.087,3981,14.08,0.350,9.232,,145.0,3.0,,,,
Czernik 45,23 56 18,+64 33 00,117.050,2.310,,,,,,,2.0,,,,
Stock 18,00 01 37,+64 37 30,117.624,2.268,,,,,B0,,6.0,,,,
ASCC 127,23 08 23,+64 50 59,112.26,4.13,350,8.03,0.10,7.82,,25.2,86.4,,-8.24,+6.89,-2.23
Pfleiderer 1,01 08 05,+65 38 48,124.649,2.830,,,,,,,1.5,,,,
NGC 7142,21 45 09,+65 46 30,105.347,9.485,1686,12.36,0.397,9.276,F3,277.8,12.0,+0.04,,,
Berkeley 64,02 21 06,+65 54 00,131.919,4.605,3981,16.25,1.05,9.00,,319.6,2.0,-0.61,,,
NGC 7129,21 42 59,+66 06 48,105.404,9.885,,,,,,,7.0,,,,
Berkeley 10,03 39 32,+66 29 09,138.616,8.879,2290,14.50,0.87,8.80,,350,10.0,,,,
NGC 3231,10 26 58,+66 48 42,141.924,44.653,,,,,,,2.5,,,,
Berkeley 61,00 48 30,+67 12 00,122.647,4.330,3335,16.00,1.09,8.30,,251.8,3.0,,,,
Berkeley 59,00 02 13,+67 25 11,118.22,5.00,1000,13.78,1.22,6.80,,87.2,20.4,,-6.50,-4.40,+00.73
NGC 7762,23 50 01,+68 02 18,117.219,5.851,744,11.56,0.710,8.425,,75.8,14.0,,,,
Collinder 427,20 59 30,+68 10 00,103.998,14.262,,,,,,,4.0,,,,
NGC 7023,21 01 35,+68 10 12,104.06,14.19,,,,,,,5.0,,,,
Skiff 1,00 58 24,+68 28 00,123.574,5.604,1600,13.66,0.85,9.08,,156.2,10.0,,,,
King 11,23 47 48,+68 38 00,117.163,6.477,2892,16.24,1.270,9.699,,326.2,5.0,-0.23,-34.00,,
Collinder 285,14 41 06,+69 34 00,109.867,44.677,25,1.99,0.00,8.30,A0,17.6,400.0,,,,
vdBergh 152,22 13 30,+70 15 00,110.272,11.364,,,,,,,25.0,,,,
NGC 0110,00 27 25,+71 23 00,120.996,8.602,,,,,,,20.0,,,,
Platais 3,04 35 24,+71 34 48,138.74,15.98,200,6.82,0.10,8.70,,55.1,300.0,,7.00,3.30,-20.50
NGC 2408,07 40 09,+71 39 18,143.625,29.466,,,,,,,24.0,,,,
Berkeley 99,23 21 36,+71 45 00,115.952,10.106,4900,14.38,0.30,9.50,,859.8,5.0,,,,
Collinder 463,01 48 24,+71 57 00,127.192,9.389,702,10.03,0.259,8.373,,114.5,29.0,,,-0.91,-0.90
Collinder 471,22 07 06,+72 00 00,110.898,13.084,,,,,,,130.0,,,,
NGC 7708,23 35 01,+72 50 00,117.399,10.788,,,,,,,23.0,,,,
Collinder 464,05 22 24,+73 17 00,138.373,19.610,,,,,,,120.0,,,,
vdBergh 150,22 12 48,+73 20 00,112.062,13.905,,,,,,,35.0,,,,
Berkeley 8,02 01 06,+75 29 00,127.352,13.213,3150,14.85,0.75,9.50,,777.,5.0,,,,
NGC 5385,13 52 27,+76 10 24,118.197,40.389,,,,,,,8.0,,,,
NGC 0188,00 47 28,+85 15 18,122.843,22.384,2047,11.81,0.082,9.632,F2,779.5,17.0,-0.02,-44.00,-1.48,-0.56
